Company,Quarter,Sales,Total_Assets,Total_Liabilities,Short_Term_Debt,Long_Term_Debt,EBIT,Interest_Expense,Operating_Cash_Flow,Market_Cap,Retained_Earnings,Current_Assets,Current_Liabilities,RBI_Repo_Rate
Adani Enterprises,2014-06-30,14568.12,120753.06,120592.18,25037.9,58421.76,2813.51,1734.7,1928.1,100328.99,23665.08,36354.41,19734.41,7.75
Adani Enterprises,2014-09-30,16116.98,123590.95,123002.61,24951.95,58221.22,3112.64,1744.33,2133.1,105581.56,24221.25,37081.08,20059.78,7.75
Adani Enterprises,2014-12-31,17250.65,127241.66,127033.62,25030.31,58404.05,3331.58,1755.86,2283.14,97449.8,24936.71,38296.29,20782.23,7.75
Adani Enterprises,2015-03-31,17361.25,132985.95,135293.26,25506.29,59514.67,3352.94,1737.09,2297.78,103576.64,26062.47,40786.28,22554.37,7.75
Adani Enterprises,2015-06-30,7836.66,108352.38,108246.61,5745.09,13405.2,388.05,332.91,1177.99,111027.28,12260.92,58944.91,23694.02,6.75
Adani Enterprises,2015-09-30,8162.6,87823.0,89478.12,5859.08,13671.18,404.19,341.37,1226.98,113811.93,12842.15,48724.66,19974.41,6.75
Adani Enterprises,2015-12-31,9042.13,63728.18,63518.3,5731.76,13374.11,447.75,333.39,1359.19,105773.38,12893.7,34588.43,13871.23,6.75
Adani Enterprises,2016-03-31,8987.52,41948.71,42220.16,5787.91,13505.13,445.04,345.2,1350.98,105060.18,13353.86,22990.69,9310.43,6.75
Adani Enterprises,2016-06-30,8329.32,42994.89,42828.43,6229.59,14535.7,433.65,314.89,176.47,132951.17,12923.82,22641.65,11317.32,6.25
Adani Enterprises,2016-09-30,9119.57,44419.02,44194.19,6222.15,14518.34,474.79,315.66,193.21,121272.73,13257.25,23363.67,11664.26,6.25
Adani Enterprises,2016-12-31,9363.13,45967.79,45808.14,6232.08,14541.52,487.47,312.43,198.37,129764.11,13627.85,24216.9,12109.54,6.25
Adani Enterprises,2017-03-31,9680.92,47411.53,47212.89,6227.6,14531.06,504.01,308.85,205.1,119787.3,13967.24,24959.54,12471.92,6.25
Adani Enterprises,2017-06-30,8092.38,48896.82,48000.87,5194.15,12119.68,459.09,316.59,662.73,139531.25,13601.69,33073.41,19781.68,6.0
Adani Enterprises,2017-09-30,8626.16,52126.66,52245.6,5303.17,12374.07,489.37,317.24,706.44,135283.64,14262.52,35998.1,21982.91,6.0
Adani Enterprises,2017-12-31,9431.42,55199.82,56211.34,5388.06,12572.14,535.05,315.39,772.39,135036.33,14872.15,38730.57,24030.12,6.0
Adani Enterprises,2018-03-31,9648.55,57344.53,58299.71,5379.23,12551.54,547.37,317.93,790.17,144421.86,15228.5,40169.48,24882.07,6.0
Adani Enterprises,2018-06-30,9359.51,53472.21,54012.06,3406.95,7949.56,456.4,404.68,750.08,159114.95,13684.32,33319.46,21210.62,6.25
Adani Enterprises,2018-09-30,9998.18,49928.59,50390.92,3404.13,7942.98,487.54,405.09,801.26,166541.59,14042.54,31085.62,19772.22,6.25
Adani Enterprises,2018-12-31,10374.63,46077.4,46151.67,3378.34,7882.79,505.9,411.66,831.43,167053.15,14302.87,28470.47,17971.61,6.25
Adani Enterprises,2019-03-31,10555.8,43242.2,43960.13,3428.9,8000.76,514.73,404.28,845.95,152018.96,14889.16,27118.53,17374.41,6.25
Adani Enterprises,2019-06-30,10188.86,43645.34,43669.95,3727.8,8698.2,538.52,392.75,576.08,171886.88,15583.01,25246.12,16321.03,5.15
Adani Enterprises,2019-09-30,10680.34,43881.61,43072.91,3657.04,8533.09,564.49,390.25,603.86,170852.19,15700.37,24900.97,15792.32,5.15
Adani Enterprises,2019-12-31,11055.85,46643.32,47512.28,3795.11,8855.26,584.34,400.52,625.1,174346.31,16721.9,27467.42,18077.66,5.15
Adani Enterprises,2020-03-31,11549.4,47195.8,47518.79,3751.2,8752.79,610.43,390.58,653.0,185986.35,16952.23,27471.19,17870.95,5.15
Adani Enterprises,2020-06-30,9337.26,48605.12,49155.91,4923.26,11487.62,591.83,342.88,954.82,191161.56,15949.03,25189.82,17558.49,4.0
Adani Enterprises,2020-09-30,9971.54,49449.94,49654.71,4888.26,11405.94,632.03,337.72,1019.68,203667.85,16263.62,25445.43,17610.55,4.0
Adani Enterprises,2020-12-31,10495.56,51316.13,52216.27,4953.49,11558.15,665.25,339.02,1073.26,188468.71,16914.36,26758.1,18766.17,4.0
Adani Enterprises,2021-03-31,10454.9,51218.96,50824.0,4830.56,11271.31,662.67,340.43,1069.1,200075.66,16917.53,26044.63,17812.49,4.0
Adani Enterprises,2021-06-30,15887.27,63265.41,62432.68,12316.92,28739.47,849.98,622.92,316.97,219518.18,20216.33,26812.26,22880.45,4.0
Adani Enterprises,2021-09-30,17270.45,75327.24,74074.18,12273.58,28638.35,923.98,641.55,344.56,218627.0,20689.66,31811.81,27051.33,4.0
Adani Enterprises,2021-12-31,17785.67,89670.07,90250.13,12561.94,29311.19,951.54,619.29,354.84,226077.4,21733.01,38758.71,33733.0,4.0
Adani Enterprises,2022-03-31,17854.31,99650.62,97752.1,12243.41,28567.96,955.21,624.78,356.21,234351.77,21725.06,41980.5,35610.59,4.0
Adani Enterprises,2022-06-30,30169.68,110311.28,109126.43,15788.57,36840.01,2085.9,977.78,4169.44,263807.78,30139.48,41758.75,42047.6,6.5
Adani Enterprises,2022-09-30,32046.85,119249.25,117105.73,15673.12,36570.61,2215.69,989.06,4428.87,230763.39,30727.71,44812.14,44792.15,6.5
Adani Enterprises,2022-12-31,33627.8,128878.45,126448.58,15659.09,36537.88,2325.0,988.0,4647.35,252441.5,31508.11,48387.32,48322.45,6.5
Adani Enterprises,2023-03-31,32497.58,140184.13,139098.73,15836.43,36951.66,2246.85,1003.66,4491.16,230797.91,32681.98,53228.07,53758.7,6.5
Adani Enterprises,2023-06-30,22294.39,148873.98,151695.45,19964.33,46583.43,2630.58,1134.09,2384.33,280991.01,36722.88,47919.54,54094.72,6.5
Adani Enterprises,2023-09-30,23304.57,149552.43,148185.48,19413.91,45299.13,2749.78,1148.29,2492.37,297064.43,36675.58,46810.76,51386.19,6.5
Adani Enterprises,2023-12-31,25120.26,152958.91,150209.15,19240.78,44895.14,2964.01,1141.02,2686.55,275719.7,37305.04,47450.03,51623.41,6.5
Adani Enterprises,2024-03-31,25815.25,158815.18,157063.88,19376.94,45212.87,3046.02,1152.67,2760.88,266789.24,38532.36,49615.39,54361.23,6.5
Adani Enterprises,2024-06-30,22944.51,167150.32,164444.9,26997.74,62994.72,3340.37,1520.23,1057.75,310002.93,45682.51,49189.76,45838.99,6.25
Adani Enterprises,2024-09-30,23750.36,176228.97,173293.17,26984.75,62964.41,3457.69,1516.66,1094.9,298056.3,46894.6,51836.5,48282.19,6.25
Adani Enterprises,2024-12-31,26086.7,188472.46,188416.18,27433.71,64011.98,3797.82,1467.68,1202.61,309605.35,48929.41,56360.19,53369.11,6.25
Adani Enterprises,2025-03-31,25442.11,198079.94,198317.17,27474.77,64107.79,3703.98,1488.2,1172.89,295568.37,50259.12,59321.84,56257.64,6.25
Adani Enterprises,2025-06-30,23207.69,215822.06,218068.0,32319.47,75412.09,3231.83,1523.13,544.45,330618.39,75514.97,70647.15,61929.22,6.0
Adani Enterprises,2025-09-30,24096.88,228080.97,226813.52,31808.85,74220.65,3355.66,1490.8,565.31,344873.51,76330.61,73480.42,63395.2,6.0
Adani Enterprises,2025-12-31,26657.46,240549.46,236072.09,31391.23,73246.2,3712.24,1478.07,625.38,343946.99,77310.79,76479.91,65116.71,6.0
Adani Enterprises,2026-03-31,26685.1,262344.56,263829.48,32167.65,75057.85,3716.08,1486.3,626.03,336550.38,81254.33,85472.43,74573.09,6.0
Asian Paints,2014-06-30,2992.07,8281.99,8318.69,125.96,293.9,492.93,10.37,261.08,77668.74,4316.59,4172.41,3518.82,7.75
Asian Paints,2014-09-30,3176.72,8300.8,8136.61,122.92,286.81,523.35,10.51,277.19,74152.55,4326.4,4081.08,3358.84,7.75
Asian Paints,2014-12-31,3681.01,8554.88,8420.75,123.43,288.01,606.43,10.31,321.19,78418.01,4458.83,4223.6,3490.67,7.75
Asian Paints,2015-03-31,3708.13,8918.52,8923.04,125.46,292.75,610.9,10.53,323.56,77833.67,4648.35,4475.53,3759.71,7.75
Asian Paints,2015-06-30,3220.95,9171.23,9019.76,95.3,222.37,615.03,12.2,506.24,91841.12,5848.61,3693.67,3117.67,6.75
Asian Paints,2015-09-30,3310.83,9739.39,9742.27,96.93,226.17,632.19,12.17,520.37,95550.44,6109.36,3989.54,3424.97,6.75
Asian Paints,2015-12-31,3923.01,10347.79,10551.77,98.81,230.56,749.08,12.35,616.59,84836.96,6391.84,4321.04,3781.56,6.75
Asian Paints,2016-03-31,3765.89,10525.98,10493.07,96.6,225.39,719.09,12.2,591.89,88869.04,6408.9,4297.0,3676.3,6.75
Asian Paints,2016-06-30,3394.68,11068.07,11115.84,168.73,393.69,674.79,9.33,344.16,97891.16,6974.88,5548.51,3816.67,6.25
Asian Paints,2016-09-30,3646.72,11629.52,11778.94,170.16,397.04,724.89,9.42,369.71,92918.43,7224.24,5879.5,4078.7,6.25
Asian Paints,2016-12-31,4175.95,11827.7,11713.02,166.37,388.2,830.09,9.08,423.36,93854.78,7249.32,5846.6,3965.6,6.25
Asian Paints,2017-03-31,4054.18,12213.71,12025.37,165.41,385.96,805.88,9.32,411.02,99094.19,7392.22,6002.51,4047.81,6.25
Asian Paints,2017-06-30,3691.78,12551.31,12361.04,157.48,367.44,703.03,10.2,463.64,111620.75,7573.87,5824.41,4263.39,6.0
Asian Paints,2017-09-30,4056.16,12864.28,12648.26,157.21,366.83,772.42,10.07,509.4,110459.54,7765.67,5959.74,4355.22,6.0
Asian Paints,2017-12-31,4749.5,13519.44,13616.06,161.04,375.77,904.45,10.32,596.48,110588.89,8164.08,6415.76,4802.62,6.0
Asian Paints,2018-03-31,4525.98,13837.92,13913.26,160.77,375.13,861.89,10.05,568.4,120565.3,8359.26,6555.8,4899.15,6.0
Asian Paints,2018-06-30,4261.39,14513.37,14643.39,399.55,932.28,833.89,27.91,547.07,118968.3,8749.57,6284.88,4963.66,6.25
Asian Paints,2018-09-30,4679.84,15026.39,15046.8,396.54,925.26,915.78,27.02,600.79,119405.6,8918.35,6458.02,5061.98,6.25
Asian Paints,2018-12-31,5135.99,15499.38,15372.31,392.75,916.42,1005.04,27.41,659.35,126374.08,9065.69,6597.73,5122.13,6.25
Asian Paints,2019-03-31,5170.54,16003.97,15762.63,390.03,910.07,1011.8,27.0,663.79,127846.18,9233.63,6765.25,5215.74,6.25
Asian Paints,2019-06-30,4404.58,16320.06,16419.48,337.44,787.37,907.02,25.73,662.07,149700.92,9337.99,7841.43,5004.58,5.15
Asian Paints,2019-09-30,4855.55,16305.54,16418.35,337.72,788.01,999.89,25.43,729.86,136758.52,9598.25,7840.89,5008.34,5.15
Asian Paints,2019-12-31,5493.43,16131.1,16096.53,334.68,780.92,1131.25,25.79,825.74,148629.07,9762.18,7687.2,4865.99,5.15
Asian Paints,2020-03-31,5511.03,16406.95,16680.37,340.99,795.64,1134.87,25.86,828.39,140290.28,10201.22,7966.02,5137.53,5.15
Asian Paints,2020-06-30,4724.95,17103.66,17015.52,326.21,761.16,1056.71,23.08,801.45,161448.9,11696.17,8005.78,5369.01,4.0
Asian Paints,2020-09-30,5220.45,18154.94,18063.84,326.25,761.26,1167.53,23.17,885.5,150410.87,12013.91,8499.01,5700.56,4.0
Asian Paints,2020-12-31,5946.19,19601.92,19907.78,333.02,777.04,1329.83,22.67,1008.6,154961.61,12585.62,9366.58,6412.68,4.0
Asian Paints,2021-03-31,5687.81,20473.73,20593.15,329.81,769.56,1272.05,22.56,964.78,162359.68,12784.14,9689.05,6569.63,4.0
Asian Paints,2021-06-30,6340.99,20929.82,20854.16,474.38,1106.88,1046.77,23.34,214.85,172570.2,12641.44,12503.59,6842.39,4.0
Asian Paints,2021-09-30,6984.94,21539.2,21422.54,473.52,1104.88,1153.08,23.85,236.66,169913.12,12959.63,12844.38,7016.17,4.0
Asian Paints,2021-12-31,8237.11,22475.25,22644.51,479.69,1119.27,1359.78,23.71,279.09,167711.17,13473.81,13577.04,7512.92,4.0
Asian Paints,2022-03-31,7777.79,22963.01,22968.02,476.2,1111.14,1283.96,23.3,263.53,191156.2,13718.99,13771.01,7564.95,4.0
Asian Paints,2022-06-30,7534.86,23219.29,22783.65,569.02,1327.71,1367.63,35.34,916.05,195726.62,14427.93,13016.7,6811.18,6.5
Asian Paints,2022-09-30,8024.05,24618.24,24870.54,585.84,1366.97,1456.42,35.31,975.52,197975.86,15255.97,14208.98,7654.88,6.5
Asian Paints,2022-12-31,9364.54,24688.76,24309.67,571.0,1332.32,1699.73,36.58,1138.49,213836.7,15260.63,13888.55,7292.63,6.5
Asian Paints,2023-03-31,9122.83,25885.15,25991.74,582.29,1358.67,1655.86,36.56,1109.11,209716.43,15961.46,14849.54,7951.42,6.5
Asian Paints,2023-06-30,8035.68,27304.01,27807.65,755.89,1763.74,1717.16,50.82,1381.88,219267.21,17552.5,14385.09,8238.26,6.5
Asian Paints,2023-09-30,8372.15,27886.11,27932.3,743.43,1734.67,1789.06,50.92,1439.74,210862.32,17729.72,14449.58,8138.78,6.5
Asian Paints,2023-12-31,9792.58,29172.95,29478.57,749.98,1749.94,2092.6,51.34,1684.01,235130.36,18356.51,15249.47,8664.95,6.5
Asian Paints,2024-03-31,9460.98,29613.15,29328.08,735.06,1715.13,2021.74,50.84,1626.99,212307.99,18452.64,15171.62,8449.21,6.5
Asian Paints,2024-06-30,7261.34,29738.66,29465.36,680.69,1588.27,1286.25,56.39,947.45,268656.7,17692.1,14711.81,8333.75,6.25
Asian Paints,2024-09-30,8080.56,30224.97,30322.26,689.21,1608.16,1431.36,56.4,1054.34,235567.87,18397.83,15139.65,8683.51,6.25
Asian Paints,2024-12-31,9292.85,30228.07,30214.65,686.69,1602.29,1646.1,57.04,1212.52,246071.15,18813.04,15085.92,8621.11,6.25
Asian Paints,2025-03-31,9338.6,30504.84,30655.42,690.39,1610.91,1654.21,57.61,1218.49,252775.09,19399.29,15306.0,8793.95,6.25
Asian Paints,2025-06-30,7885.16,31264.31,31133.17,1173.76,2738.76,1484.67,48.17,1570.65,259367.79,19597.75,14401.76,8278.97,6.0
Asian Paints,2025-09-30,8438.8,32083.76,31734.37,1165.86,2720.35,1588.92,48.83,1680.93,300788.49,19992.09,14679.87,8382.1,6.0
Asian Paints,2025-12-31,10026.01,33522.71,33567.48,1180.27,2753.97,1887.77,49.18,1997.09,296574.62,20771.8,15527.84,8975.88,6.0
Asian Paints,2026-03-31,9307.78,34000.97,33490.71,1161.01,2709.03,1752.53,49.32,1854.02,293180.64,20956.71,15492.33,8809.19,6.0
Axis Bank,2014-06-30,8593.71,438945.81,445797.14,42708.24,99652.56,1289.06,5271.06,-3647.04,105525.15,41781.5,330275.51,15170.56,7.75
Axis Bank,2014-09-30,8860.9,436983.16,430192.65,41398.4,96596.28,1329.13,5240.94,-3760.43,109518.16,41594.69,318714.69,14190.55,7.75
Axis Bank,2014-12-31,8983.35,446718.44,438046.62,41235.55,96216.28,1347.5,5406.84,-3812.4,107127.66,42521.35,324533.42,14392.78,7.75
Axis Bank,2015-03-31,9109.92,460222.55,453307.59,41420.03,96646.74,1366.49,5232.67,-3866.11,107731.52,43806.75,335839.74,14960.84,7.75
Axis Bank,2015-06-30,9830.43,487631.7,488235.15,49235.68,114883.26,1474.56,6062.7,-8189.06,124212.12,49161.61,367627.3,18500.11,6.75
Axis Bank,2015-09-30,10047.85,516211.33,525781.88,50086.53,116868.57,1507.18,6077.26,-8370.17,122722.41,51362.83,395898.92,20267.11,6.75
Axis Bank,2015-12-31,10671.78,532372.37,538206.98,49713.77,115998.79,1600.77,6040.2,-8889.93,127692.53,52322.17,405254.68,20591.66,6.75
Axis Bank,2016-03-31,10676.44,538203.22,530142.02,48438.29,113022.68,1601.47,6201.88,-8893.81,112893.61,52286.94,399181.99,19762.7,6.75
Axis Bank,2016-06-30,10902.98,554108.05,545690.2,54195.56,126456.3,1635.45,6779.53,7773.63,131892.19,50922.89,427148.93,24295.69,6.25
Axis Bank,2016-09-30,10966.83,585249.64,591643.89,55632.84,129809.95,1645.02,6641.88,7819.16,137425.6,53686.17,463120.01,27040.27,6.25
Axis Bank,2016-12-31,11414.63,583321.61,571686.76,53933.93,125845.83,1712.19,6662.89,8138.44,132642.42,53416.36,447498.21,25330.26,6.25
Axis Bank,2017-03-31,11734.78,619950.58,628557.0,55795.55,130189.62,1760.22,6824.28,8366.7,126586.59,56677.04,492014.42,28811.35,6.25
Axis Bank,2017-06-30,11335.57,641638.45,648834.45,64043.56,149434.96,1700.34,6979.17,-9335.66,152444.17,59577.71,503997.55,26172.54,6.0
Axis Bank,2017-09-30,11582.18,646158.84,634933.64,62233.03,145210.41,1737.33,6846.6,-9538.77,146802.15,59458.12,493199.77,24887.76,6.0
Axis Bank,2017-12-31,11705.85,687379.6,694183.13,63960.13,149240.3,1755.88,6896.6,-9640.61,152832.5,62716.32,539223.21,27965.33,6.0
Axis Bank,2018-03-31,11684.67,716164.86,728847.4,64454.84,150394.62,1752.7,7027.37,-9623.17,160478.77,64821.96,566149.51,29588.89,6.0
Axis Bank,2018-06-30,13702.84,744825.44,758612.71,74620.31,174114.06,2055.43,8485.82,9077.12,160220.64,63393.53,592560.46,32506.63,6.25
Axis Bank,2018-09-30,13898.08,749641.52,740520.87,72372.76,168869.77,2084.71,8377.7,9206.45,162013.77,63145.86,578428.74,30775.65,6.25
Axis Bank,2018-12-31,14396.19,788923.39,791394.25,73493.6,171485.06,2159.43,8566.07,9536.41,162183.18,65811.27,618166.48,33399.29,6.25
Axis Bank,2019-03-31,14700.73,810404.47,806779.23,72936.4,170184.94,2205.11,8516.82,9738.14,176681.78,66987.0,630183.85,33790.44,6.25
Axis Bank,2019-06-30,14914.56,856571.81,870876.08,84903.02,198107.06,2237.18,9440.18,7119.74,186066.7,80667.78,721008.42,42172.0,5.15
Axis Bank,2019-09-30,15900.32,878195.67,885492.47,84202.34,196472.13,2385.05,9647.24,7590.31,179034.3,82164.27,733109.5,42525.92,5.15
Axis Bank,2019-12-31,15903.75,904125.62,908860.41,83945.8,195873.54,2385.56,9312.0,7591.95,190908.0,84069.57,752456.09,43515.19,5.15
Axis Bank,2020-03-31,16046.85,928972.82,930074.94,83607.55,195084.29,2407.03,9673.0,7660.26,184569.32,85877.76,770019.84,44351.48,5.15
Axis Bank,2020-06-30,15294.84,930117.51,914351.62,88563.38,206647.88,2294.23,8718.95,3000.45,207849.59,93642.77,704302.99,42077.06,4.0
Axis Bank,2020-09-30,16395.76,966235.33,968035.51,90258.3,210602.69,2459.36,8642.78,3216.42,213304.39,98014.22,745654.4,45400.06,4.0
Axis Bank,2020-12-31,15971.85,980581.05,978445.02,89894.2,209753.14,2395.78,8541.01,3133.26,205589.23,100187.76,753672.59,45703.15,4.0
Axis Bank,2021-03-31,16134.49,1020272.05,1039909.94,91824.48,214257.13,2420.17,8775.75,3165.16,225735.5,104963.15,801017.53,49617.2,4.0
Axis Bank,2021-06-30,16698.01,1068975.63,1088671.59,109580.1,255686.91,2504.7,8640.64,6824.39,229786.23,110828.56,834083.42,52468.43,4.0
Axis Bank,2021-09-30,17677.69,1107568.13,1116948.02,108508.84,253187.3,2651.65,8903.56,7224.78,260088.02,112711.18,855747.35,53304.96,4.0
Axis Bank,2021-12-31,17628.98,1144007.63,1141124.54,107326.45,250428.37,2644.35,8646.77,7204.87,245112.02,114416.75,874270.14,53865.33,4.0
Axis Bank,2022-03-31,17273.74,1218539.48,1241992.85,109668.55,255893.29,2591.06,8773.48,7059.69,229522.78,119911.37,951550.18,59906.05,4.0
Axis Bank,2022-06-30,21133.51,1254630.2,1276897.45,123145.09,287338.55,3170.03,11024.23,5334.85,290389.43,121599.06,998387.66,60509.34,6.5
Axis Bank,2022-09-30,21890.15,1283044.59,1296250.2,122242.98,285233.61,3283.52,11054.35,5525.86,255834.91,123970.66,1013519.3,60976.44,6.5
Axis Bank,2022-12-31,22268.33,1293984.72,1280907.21,119774.77,279474.47,3340.25,10941.98,5621.32,276561.79,124664.08,1001522.83,59038.09,6.5
Axis Bank,2023-03-31,22742.95,1347918.07,1351427.26,121312.63,283062.8,3411.44,10700.9,5741.13,282231.49,129502.27,1056661.44,63088.18,6.5
Axis Bank,2023-06-30,26778.49,1360617.55,1333897.12,133958.08,312568.86,4016.77,15048.23,-1319.23,296003.97,141834.34,1036513.88,56772.7,6.5
Axis Bank,2023-09-30,28910.61,1439021.24,1446755.33,137375.9,320543.76,4336.59,15181.18,-1424.26,289462.86,149384.28,1124211.13,63147.17,6.5
Axis Bank,2023-12-31,28445.89,1488284.6,1501909.03,137892.39,321748.91,4266.88,15561.42,-1401.37,283322.92,153891.87,1167068.69,65800.96,6.5
Axis Bank,2024-03-31,28911.23,1517078.47,1515918.82,136537.06,318586.48,4336.68,15058.7,-1424.29,310806.75,156286.44,1177955.09,65761.96,6.5
Axis Bank,2024-06-30,29558.88,1546573.94,1540253.81,148517.26,346540.27,4433.83,17609.03,10299.91,362060.26,171914.38,1165205.25,72319.89,6.25
Axis Bank,2024-09-30,32785.92,1604176.06,1620924.16,150683.6,351595.07,4917.89,17435.72,11424.39,332322.16,179136.11,1226232.54,77217.77,6.25
Axis Bank,2024-12-31,32270.79,1649434.23,1677040.9,151622.61,353786.09,4840.62,17939.62,11244.89,363764.7,184995.92,1268684.98,80388.92,6.25
Axis Bank,2025-03-31,32950.58,1676021.33,1695298.86,150841.92,351964.48,4942.59,17657.5,11481.77,325768.65,188762.45,1282497.16,80845.69,6.25
Axis Bank,2025-06-30,31598.79,1740068.83,1750970.78,176241.82,411230.92,4739.82,18413.99,-2059.17,364216.25,199575.55,1342960.98,105671.19,6.0
Axis Bank,2025-09-30,32521.37,1772812.37,1744575.28,172354.82,402161.26,4878.2,18828.56,-2119.29,380362.24,200448.9,1338055.75,102963.17,6.0
Axis Bank,2025-12-31,33231.13,1839002.34,1804871.84,171893.95,401085.88,4984.67,18177.21,-2165.55,360253.48,205173.77,1384302.06,106236.97,6.0
Axis Bank,2026-03-31,34879.58,1981114.64,2016811.09,178300.32,416034.07,5231.94,18357.62,-2272.97,384962.64,218277.39,1546855.4,123136.29,6.0
Bajaj Finance,2014-06-30,1246.81,30141.54,29962.65,2932.69,6842.94,187.02,578.38,-1633.44,134571.49,4367.67,29433.41,1203.93,7.75
Bajaj Finance,2014-09-30,1346.86,30873.03,30607.36,2924.81,6824.56,202.03,562.97,-1764.5,139306.09,4473.67,30066.74,1226.53,7.75
Bajaj Finance,2014-12-31,1399.96,31719.27,31479.86,2927.93,6831.84,209.99,569.39,-1834.07,146275.52,4596.29,30923.83,1262.84,7.75
Bajaj Finance,2015-03-31,1406.45,32666.65,32553.68,2940.0,6860.0,210.97,563.33,-1842.57,135042.16,4733.57,31978.68,1311.3,7.75
Bajaj Finance,2015-06-30,1700.35,35865.34,35408.33,4173.7,9738.63,255.05,745.11,-2299.28,161634.77,6733.12,34414.06,1876.86,6.75
Bajaj Finance,2015-09-30,1847.64,39983.87,40091.52,4238.95,9890.89,277.15,728.12,-2498.45,154716.2,7023.21,38965.75,2158.33,6.75
Bajaj Finance,2015-12-31,1912.94,43956.26,44494.27,4279.31,9985.07,286.94,739.26,-2586.76,162280.35,7276.66,43244.87,2418.16,6.75
Bajaj Finance,2016-03-31,1828.0,47821.15,48684.62,4303.9,10042.44,274.2,743.69,-2471.9,163603.92,7506.13,47317.55,2661.09,6.75
Bajaj Finance,2016-06-30,2413.22,50606.02,50055.58,5673.4,13237.94,361.98,978.05,-2526.74,171997.85,8683.69,46571.46,3791.94,6.25
Bajaj Finance,2016-09-30,2509.1,56104.48,56867.19,5813.76,13565.45,376.36,959.82,-2627.13,191845.2,9139.02,52908.95,4414.53,6.25
Bajaj Finance,2016-12-31,2519.99,60209.62,60885.23,5800.15,13533.69,378.0,953.11,-2638.53,173808.44,9357.56,56647.31,4715.37,6.25
Bajaj Finance,2017-03-31,2616.97,64158.12,64588.11,5774.23,13473.21,392.55,960.31,-2740.07,168636.69,9554.61,60092.45,4979.8,6.25
Bajaj Finance,2017-06-30,3049.67,69236.78,69476.64,7658.26,17869.27,457.45,1171.74,-4920.72,191214.93,14603.44,66519.72,1967.42,6.0
Bajaj Finance,2017-09-30,3231.79,73423.05,72591.14,7545.35,17605.81,484.77,1191.04,-5214.57,188878.89,14777.0,69501.66,2025.31,6.0
Bajaj Finance,2017-12-31,3157.33,79871.94,80214.1,7664.51,17883.86,473.6,1180.67,-5094.44,203450.44,15405.39,76800.19,2273.34,6.0
Bajaj Finance,2018-03-31,3229.31,85118.46,85440.12,7660.66,17874.88,484.4,1168.88,-5210.57,201837.15,15792.46,81803.79,2420.23,6.0
Bajaj Finance,2018-06-30,4519.16,95395.62,96140.26,11268.25,26292.57,677.87,1656.31,-7104.23,222712.1,18254.74,88947.9,2299.18,6.25
Bajaj Finance,2018-09-30,4601.84,105320.0,106130.7,11267.03,26289.75,690.28,1695.38,-7234.2,243952.15,18746.09,98190.95,2537.83,6.25
Bajaj Finance,2018-12-31,4609.08,115400.59,116436.15,11281.3,26323.04,691.36,1654.13,-7245.58,229011.27,19263.78,107725.44,2787.78,6.25
Bajaj Finance,2019-03-31,4695.9,122174.0,120149.13,10995.66,25656.54,704.38,1652.47,-7382.06,240439.56,19257.45,111160.65,2803.84,6.25
Bajaj Finance,2019-06-30,6148.25,132804.4,131352.35,14633.42,34144.65,922.24,2385.03,-5690.66,247438.49,29466.66,116278.76,1783.68,5.15
Bajaj Finance,2019-09-30,6423.4,141816.05,139363.27,14539.3,33925.03,963.51,2403.83,-5945.33,265489.16,30068.4,123370.38,1880.29,5.15
Bajaj Finance,2019-12-31,6618.17,156698.13,159080.44,15020.12,35046.96,992.73,2405.84,-6125.6,259430.69,31880.22,140824.86,2217.29,5.15
Bajaj Finance,2020-03-31,6804.99,163292.88,162202.1,14696.36,34291.5,1020.75,2385.12,-6298.52,260184.95,31992.85,143588.29,2212.07,5.15
Bajaj Finance,2020-06-30,6522.66,166544.8,166929.74,15467.97,36091.93,978.4,2395.16,-197.34,294183.61,34116.82,147690.04,2847.3,4.0
Bajaj Finance,2020-09-30,6654.33,168348.96,168768.47,15470.76,36098.43,998.15,2337.88,-201.33,304486.94,35045.21,149316.83,2879.18,4.0
Bajaj Finance,2020-12-31,6669.11,167670.18,165664.4,15247.69,35577.94,1000.37,2397.84,-201.78,285339.8,35448.85,146570.54,2785.48,4.0
Bajaj Finance,2021-03-31,6702.09,173226.97,175001.95,15590.43,36377.66,1005.31,2375.03,-202.77,276794.07,37175.05,154831.87,3008.62,4.0
Bajaj Finance,2021-06-30,7587.17,184833.97,187992.25,19452.25,45388.58,1138.08,2491.1,-8881.41,304267.86,41011.6,175610.71,3204.06,4.0
Bajaj Finance,2021-09-30,7860.48,195769.53,199626.06,19502.21,45505.15,1179.07,2427.77,-9201.33,339468.39,42228.2,186478.29,3411.08,4.0
Bajaj Finance,2021-12-31,8085.75,202415.8,202585.49,19141.48,44663.46,1212.86,2495.68,-9465.03,324042.31,42537.83,189242.8,3397.62,4.0
Bajaj Finance,2022-03-31,7944.69,209340.49,206223.1,18840.64,43961.5,1191.7,2487.14,-9299.91,334336.79,42942.85,192640.84,3404.27,4.0
Bajaj Finance,2022-06-30,10001.54,223951.6,219796.49,24310.76,56725.11,1500.23,3201.76,-10170.84,344679.78,49251.12,199720.39,3263.69,6.5
Bajaj Finance,2022-09-30,10205.6,239843.11,235887.07,24361.77,56844.13,1530.84,3157.49,-10378.36,380771.56,50688.36,214341.27,3509.96,6.5
Bajaj Finance,2022-12-31,10593.89,258476.23,257411.12,24668.27,57559.29,1589.08,3150.55,-10773.23,352883.71,52676.76,233899.32,3878.42,6.5
Bajaj Finance,2023-03-31,10727.69,279843.1,284537.66,25185.88,58767.05,1609.15,3177.24,-10909.29,355717.22,55161.1,258548.14,4377.1,6.5
Bajaj Finance,2023-06-30,13441.38,296852.99,293391.81,33422.49,77985.81,2016.21,4787.87,-17790.78,426058.37,70003.26,266707.61,4398.86,6.5
Bajaj Finance,2023-09-30,13426.66,323929.79,322383.0,33655.3,78529.04,2014.0,4781.45,-17771.3,422702.44,72396.05,293062.04,4867.19,6.5
Bajaj Finance,2023-12-31,14327.42,354680.54,358795.26,34209.1,79821.22,2149.11,4779.28,-18963.53,386140.25,75523.82,326162.58,5506.06,6.5
Bajaj Finance,2024-03-31,13799.36,370835.18,365992.43,33375.17,77875.39,2069.9,4703.18,-18264.59,411030.04,75572.04,332705.16,5479.59,6.5
Bajaj Finance,2024-06-30,16403.01,400584.43,402843.28,42187.99,98438.64,2460.45,6366.86,-16037.11,469462.9,89830.03,369775.92,7113.65,6.25
Bajaj Finance,2024-09-30,17043.0,428052.62,435291.12,42660.84,99541.96,2556.45,6338.47,-16662.83,445504.42,93291.91,399560.28,7772.79,6.25
Bajaj Finance,2024-12-31,17889.12,437761.99,432068.26,41405.79,96613.51,2683.37,6314.18,-17490.07,446611.86,92930.16,396601.97,7488.26,6.25
Bajaj Finance,2025-03-31,17840.93,463657.17,461200.42,41729.15,97368.01,2676.14,6159.62,-17442.95,415583.74,96057.32,423342.82,8055.58,6.25
Bajaj Finance,2025-06-30,18916.76,498652.59,507889.93,51329.24,119768.23,2837.51,7061.92,-15180.57,503962.36,106816.47,476467.89,10015.2,6.0
Bajaj Finance,2025-09-30,21068.34,509177.67,505344.91,50016.33,116704.78,3160.25,7147.15,-16907.2,500491.35,106897.39,474080.33,9710.13,6.0
Bajaj Finance,2025-12-31,20829.54,539517.86,542556.99,50679.56,118252.31,3124.43,7053.46,-16715.56,477283.05,111165.27,508990.18,10563.39,6.0
Bajaj Finance,2026-03-31,21261.84,552158.02,544472.53,49694.22,115953.19,3189.28,7209.56,-17062.48,464907.97,111798.9,510787.21,10394.58,6.0
Bharti Airtel,2014-06-30,22475.57,165319.25,162397.49,24582.23,57358.54,7858.65,1109.71,6562.28,279214.26,34327.06,26326.14,51510.42,7.75
Bharti Airtel,2014-09-30,22920.03,176186.05,179594.75,25508.65,59520.19,8014.06,1120.17,6692.05,247931.45,36583.45,29113.98,59112.0,7.75
Bharti Airtel,2014-12-31,24685.02,175994.64,174609.74,24827.58,57931.03,8631.19,1094.67,7207.39,242213.16,36543.71,28305.86,55936.77,7.75
Bharti Airtel,2015-03-31,25517.37,182007.57,182076.17,25033.93,58412.51,8922.22,1092.04,7450.41,279290.03,37792.24,29516.24,58813.45,7.75
Bharti Airtel,2015-06-30,22620.61,191079.84,189599.0,29959.8,69906.21,7963.57,2146.35,6547.73,295520.24,59448.86,29140.23,47818.55,6.75
Bharti Airtel,2015-09-30,23688.71,200203.83,197246.5,29747.79,69411.51,8339.59,2130.18,6856.9,307700.49,60623.52,30315.6,49395.27,6.75
Bharti Airtel,2015-12-31,25263.3,212707.62,211582.48,30034.09,70079.53,8893.92,2110.4,7312.68,285794.61,62817.68,32518.96,53495.28,6.75
Bharti Airtel,2016-03-31,25837.63,226890.06,229334.16,30519.05,71211.12,9096.11,2156.46,7478.92,267105.3,65468.73,35247.28,58919.79,6.75
Bharti Airtel,2016-06-30,21847.18,222079.64,217808.54,31567.38,73657.22,8085.02,2384.97,6471.68,312076.64,59384.16,27103.95,52942.85,6.25
Bharti Airtel,2016-09-30,23754.95,228719.59,229042.63,32231.86,75207.67,8791.03,2352.1,7036.81,309760.07,62272.93,28501.92,56845.43,6.25
Bharti Airtel,2016-12-31,24326.76,234744.38,239212.73,32799.07,76531.16,9002.65,2362.04,7206.19,340207.19,65036.39,29767.48,60414.28,6.25
Bharti Airtel,2017-03-31,25751.38,228695.33,225125.27,31683.95,73929.22,9529.86,2385.59,7628.2,327039.46,64436.16,28014.44,54923.4,6.25
Bharti Airtel,2017-06-30,18954.94,232817.65,229074.72,32863.24,76680.88,6899.23,2363.61,6847.62,362811.02,61466.48,33427.4,62014.15,6.0
Bharti Airtel,2017-09-30,19821.44,243208.88,245517.97,33717.31,78673.73,7214.62,2315.15,7160.65,362100.14,64768.35,35826.86,68192.96,6.0
Bharti Airtel,2017-12-31,21531.2,244823.47,244426.33,33346.02,77807.38,7836.94,2321.66,7778.32,380071.24,65740.79,35667.57,67142.17,6.0
Bharti Airtel,2018-03-31,22203.06,252384.54,255280.94,33783.51,78828.18,8081.49,2373.96,8021.03,352759.12,68311.05,37251.51,71043.84,6.0
Bharti Airtel,2018-06-30,18789.13,253138.54,250654.45,37259.15,86938.01,5992.61,2648.87,4668.21,429318.08,63587.03,43768.9,69900.95,6.25
Bharti Airtel,2018-09-30,19243.0,261370.13,260967.39,37570.42,87664.31,6137.37,2698.18,4780.97,416051.36,65851.17,45569.73,73384.95,6.25
Bharti Airtel,2018-12-31,21407.49,269364.3,270836.86,37834.11,88279.58,6827.71,2697.47,5318.75,414535.73,68058.44,47293.12,76694.81,6.25
Bharti Airtel,2019-03-31,20653.41,270191.49,266410.63,37101.86,86571.0,6587.2,2657.46,5131.39,422580.32,68452.53,46520.22,73981.3,6.25
Bharti Airtel,2019-06-30,20148.73,289878.63,284564.26,43653.16,101857.37,8426.47,3523.22,4172.73,425676.56,67573.75,79306.74,104023.12,5.15
Bharti Airtel,2019-09-30,21725.42,311129.61,305793.82,43705.78,101980.15,9085.87,3438.13,4499.25,420373.94,69483.73,85223.32,111918.38,5.15
Bharti Airtel,2019-12-31,23608.38,335841.74,333870.37,44207.37,103150.54,9873.35,3531.23,4889.21,441124.29,72130.67,93048.13,123596.57,5.15
Bharti Airtel,2020-03-31,22771.77,361408.87,363741.7,44755.44,104429.35,9523.46,3536.43,4715.95,433001.49,74897.35,101373.13,136324.13,5.15
Bharti Airtel,2020-06-30,22689.18,357701.51,359995.13,49148.64,114680.16,10210.54,3712.14,10870.36,532285.92,52324.85,91625.94,129050.03,4.0
Bharti Airtel,2020-09-30,24303.41,345875.09,340094.43,48019.31,112045.05,10936.97,3700.46,11643.73,548912.76,52504.22,86560.82,119114.71,4.0
Bharti Airtel,2020-12-31,26087.54,349821.24,351565.64,49079.02,114517.71,11739.86,3813.38,12498.51,501037.52,55075.1,89480.47,125849.74,4.0
Bharti Airtel,2021-03-31,25945.3,346001.5,347593.28,49060.17,114473.73,11675.85,3715.61,12430.36,533124.35,56465.58,88469.43,124379.96,4.0
Bharti Airtel,2021-06-30,27037.26,342227.2,335956.93,49970.75,116598.42,13347.08,4159.04,12763.17,614839.84,57896.5,76100.4,114108.94,4.0
Bharti Airtel,2021-09-30,29065.78,359585.57,366489.19,51880.68,121054.93,14348.47,4119.58,13720.75,581289.92,61733.94,83016.51,129237.06,4.0
Bharti Airtel,2021-12-31,30744.88,361461.69,365969.4,51538.21,120255.81,15177.36,4195.22,14513.38,586286.35,62940.27,82898.77,128201.84,4.0
Bharti Airtel,2022-03-31,29910.91,367392.07,373683.05,51775.04,120808.42,14765.67,4127.13,14119.7,546764.58,64850.77,84646.05,131505.53,4.0
Bharti Airtel,2022-06-30,31757.88,381118.5,380194.75,67641.65,157830.52,16267.29,4811.89,14909.51,652178.12,68954.01,72509.11,120271.79,6.5
Bharti Airtel,2022-09-30,34996.81,396782.39,390775.13,66779.42,155818.65,17926.35,4774.95,16430.1,609594.05,69914.92,74526.95,122043.04,6.5
Bharti Airtel,2022-12-31,37373.52,420090.88,416493.34,67225.33,156859.1,19143.77,4853.14,17545.91,672985.63,72233.92,79431.82,130943.65,6.5
Bharti Airtel,2023-03-31,37317.52,452006.47,459580.77,68942.23,160865.2,19115.09,4891.88,17519.61,615207.83,75978.19,87649.27,148180.35,6.5
Bharti Airtel,2023-06-30,35023.73,449995.33,456151.24,65562.39,152978.9,18189.54,5653.06,18424.23,743704.29,74207.81,93094.2,151063.67,6.5
Bharti Airtel,2023-09-30,37355.08,437568.32,431922.44,63843.07,148967.17,19400.32,5697.37,19650.63,722643.4,74214.8,88149.43,139288.73,6.5
Bharti Airtel,2023-12-31,40515.17,434564.87,426624.04,63495.74,148156.73,21041.51,5761.06,21313.0,678996.6,75753.44,87068.1,136831.58,6.5
Bharti Airtel,2024-03-31,38500.34,447637.69,453327.79,65499.74,152832.74,19995.11,5713.18,20253.1,684586.76,80148.01,92517.97,149985.19,6.5
Bharti Airtel,2024-06-30,39800.52,462028.49,466330.93,64689.43,150942.01,19570.67,5512.62,22624.3,809001.93,103418.25,92064.64,165611.7,6.25
Bharti Airtel,2024-09-30,42611.07,469677.97,465874.49,63573.57,148338.34,20952.67,5440.32,24221.94,811931.4,104381.21,91974.52,162595.68,6.25
Bharti Airtel,2024-12-31,45923.18,491926.52,494608.34,64442.01,150364.69,22581.3,5519.71,26104.68,837144.2,108591.49,97647.26,174982.24,6.25
Bharti Airtel,2025-03-31,44482.42,495094.38,485377.29,62834.67,146614.23,21872.85,5430.14,25285.69,771001.57,108597.91,95824.83,167433.46,6.25
Bharti Airtel,2025-06-30,49183.12,508506.83,500354.0,57683.7,134595.29,27899.02,5494.76,28494.89,885815.18,132893.86,103283.78,185182.64,6.0
Bharti Airtel,2025-09-30,52619.0,529743.67,530910.91,58752.77,137089.8,29848.02,5324.95,30485.51,933562.27,139015.13,109591.38,200133.51,6.0
Bharti Airtel,2025-12-31,55765.81,537239.69,534131.97,58284.48,135997.13,31633.04,5321.5,32308.66,940866.02,141536.25,110256.28,199742.9,6.0
Bharti Airtel,2026-03-31,55560.6,557916.26,563740.7,59235.61,138216.42,31516.63,5282.1,32189.77,833084.84,147534.29,116368.16,214255.54,6.0
Coal India,2014-06-30,16662.27,101875.66,100839.98,121.16,282.7,3898.73,2.25,3233.09,84285.32,31164.15,79009.31,63248.27,7.75
Coal India,2014-09-30,18692.75,107602.01,109534.45,124.6,290.73,4373.83,2.27,3627.08,81310.52,32915.86,85821.53,70653.66,7.75
Coal India,2014-12-31,19318.91,106648.7,104843.18,120.33,280.76,4520.34,2.25,3748.58,79401.19,32624.25,82145.86,65309.79,7.75
Coal India,2015-03-31,19655.46,110869.95,110474.32,121.96,284.58,4599.09,2.26,3813.88,86099.93,33915.54,86557.92,69752.91,7.75
Coal India,2015-06-30,17817.18,111103.77,110372.13,357.33,833.77,4282.38,95.15,3010.07,91601.37,26204.52,81659.44,74855.43,6.75
Coal India,2015-09-30,18616.32,112860.27,113308.83,361.13,842.64,4474.46,98.77,3145.08,100125.79,27198.82,83832.17,77663.97,6.75
Coal India,2015-12-31,20212.09,111797.79,110621.33,355.91,830.47,4858.0,96.59,3414.67,90363.19,27511.49,81843.81,74727.04,6.75
Coal India,2016-03-31,20044.91,114366.48,115178.7,362.25,845.26,4817.82,98.15,3386.43,97317.24,28719.52,85215.6,79191.53,6.75
Coal India,2016-06-30,17950.85,112854.46,110925.71,888.75,2073.74,2858.76,104.23,3780.37,104385.37,16648.2,79235.46,83715.84,6.25
Coal India,2016-09-30,18977.76,118360.22,120691.98,922.01,2151.36,3022.3,103.66,3996.63,103694.2,17738.15,86211.61,94495.91,6.25
Coal India,2016-12-31,20978.85,116038.01,114760.0,894.24,2086.56,3340.99,103.86,4418.06,106440.53,17656.59,81974.33,87145.06,6.25
Coal India,2017-03-31,20406.85,117073.32,115578.96,892.66,2082.87,3249.89,104.46,4297.59,113361.22,18077.27,82559.32,87611.59,6.25
Coal India,2017-06-30,19411.07,119923.07,119539.37,459.92,1073.16,2114.99,108.49,4808.14,122684.08,12881.83,81858.14,98532.76,6.0
Coal India,2017-09-30,21301.57,123817.57,125632.36,468.16,1092.38,2320.97,108.81,5276.41,112627.54,13466.98,86030.49,105410.1,6.0
Coal India,2017-12-31,22634.4,123333.3,122918.01,459.85,1072.97,2466.19,105.95,5606.56,122106.92,13575.86,84171.76,101300.63,6.0
Coal India,2018-03-31,22245.97,127962.99,130504.47,470.56,1097.98,2423.87,107.58,5510.34,114093.15,14248.48,89366.82,110059.58,6.0
Coal India,2018-06-30,23145.91,125488.93,123646.8,653.27,1524.29,5812.16,65.73,3801.48,128295.0,18494.56,81404.38,95577.92,6.25
Coal India,2018-09-30,25056.27,131350.34,133488.95,673.79,1572.19,6291.87,67.0,4115.24,146377.3,19591.27,87884.08,106428.18,6.25
Coal India,2018-12-31,25683.82,132021.11,132914.73,667.49,1557.47,6449.45,65.62,4218.31,135353.07,19918.62,87506.04,104978.43,6.25
Coal India,2019-03-31,26013.32,133519.99,134020.86,665.49,1552.8,6532.19,65.62,4272.43,137346.11,20368.12,88234.27,105534.8,6.25
Coal India,2019-06-30,21649.53,137564.35,137858.59,1934.33,4513.43,4862.81,125.61,1121.46,153698.59,24095.88,94591.46,102615.91,5.15
Coal India,2019-09-30,23130.16,138832.74,136196.02,1893.54,4418.26,5195.38,126.97,1198.16,148459.09,24225.3,93450.7,99240.72,5.15
Coal India,2019-12-31,25645.03,144377.63,142998.32,1911.76,4460.77,5760.26,126.07,1328.43,156730.26,25102.02,98118.09,105199.8,5.15
Coal India,2020-03-31,25322.98,151430.34,152853.94,1948.35,4546.14,5687.92,127.24,1311.75,154666.97,26238.37,104880.5,114602.3,5.15
Coal India,2020-06-30,20691.29,151319.23,149874.63,1748.35,4079.48,4281.4,158.15,2434.43,168024.61,27810.32,95113.27,109361.08,4.0
Coal India,2020-09-30,22187.78,154217.71,152911.08,1750.24,4083.9,4591.05,160.59,2610.5,156785.88,28592.92,97040.25,111697.72,4.0
Coal India,2020-12-31,23626.49,159778.73,161278.14,1781.77,4157.45,4888.75,159.12,2779.77,157262.02,29873.86,102350.15,119931.35,4.0
Coal India,2021-03-31,23752.1,158953.53,156883.38,1742.21,4065.16,4914.74,163.33,2794.55,169455.89,29959.67,99561.15,114073.39,4.0
Coal India,2021-06-30,24615.84,165982.07,166317.56,1056.33,2464.77,5546.44,135.93,9222.83,187829.62,34275.64,102831.11,123321.31,4.0
Coal India,2021-09-30,26914.65,168175.34,166132.31,1041.39,2429.92,6064.41,137.4,10084.13,176091.32,34704.22,102716.57,121442.02,4.0
Coal India,2021-12-31,29425.15,177571.86,180346.65,1070.67,2498.24,6630.08,135.67,11024.74,193612.72,36618.92,111505.04,135539.27,4.0
Coal India,2022-03-31,29336.15,181229.35,183040.63,1064.74,2484.38,6610.03,134.87,10991.4,203255.2,37349.59,113170.68,136801.09,4.0
Coal India,2022-06-30,31935.56,188169.55,186429.34,1287.28,3003.66,10217.38,168.82,8254.39,203238.13,50111.24,111225.55,130332.16,6.5
Coal India,2022-09-30,33357.28,200857.99,201300.95,1302.17,3038.39,10672.24,169.68,8621.86,216540.35,52060.56,120098.1,142355.73,6.5
Coal India,2022-12-31,36131.11,207376.07,203905.21,1277.55,2980.96,11559.7,171.79,9338.81,199450.67,52420.7,121651.83,141471.98,6.5
Coal India,2023-03-31,35576.57,218863.18,216359.34,1284.44,2997.02,11382.28,171.12,9195.48,206129.89,54054.45,129082.08,150921.47,6.5
Coal India,2023-06-30,33096.11,220786.06,216492.76,1918.85,4477.31,10967.34,207.3,4138.79,244874.19,69447.26,123348.78,132159.09,6.5
Coal India,2023-09-30,35826.06,232895.86,236927.31,1990.77,4645.14,11871.98,207.2,4480.18,220796.09,73997.76,134991.56,150054.98,6.5
Coal India,2023-12-31,37210.65,232315.39,231929.92,1953.65,4558.52,12330.81,207.91,4653.32,241629.74,74528.96,132144.25,144150.94,6.5
Coal India,2024-03-31,38371.73,240553.75,244708.02,1990.69,4644.95,12715.56,206.22,4798.52,258174.08,77889.28,139424.69,154976.62,6.5
Coal India,2024-06-30,33410.45,245776.25,249509.62,2785.48,6499.45,10967.71,219.12,6804.71,248538.04,87277.26,140797.09,147426.03,6.25
Coal India,2024-09-30,34558.65,245311.58,242919.22,2717.04,6339.76,11344.63,224.51,7038.57,255885.05,87433.82,137078.15,140005.53,6.25
Coal India,2024-12-31,36817.23,253356.84,253357.43,2743.81,6402.21,12086.06,224.17,7498.57,275352.57,90618.66,142968.39,147459.97,6.25
Coal India,2025-03-31,37045.16,261678.5,264400.02,2772.34,6468.78,12160.88,223.28,7545.0,259825.63,93908.62,149199.67,155487.11,6.25
Coal India,2025-06-30,38524.43,270717.76,275878.3,4302.07,10038.17,9434.83,300.47,9886.18,306988.92,106460.0,162009.69,150072.71,6.0
Coal India,2025-09-30,42333.7,275393.11,278498.34,4269.2,9961.47,10367.74,301.61,10863.72,312761.21,108501.84,163548.31,150340.35,6.0
Coal India,2025-12-31,44713.33,277803.36,276620.54,4203.63,9808.46,10950.52,309.66,11474.39,282274.43,109646.68,162445.57,147032.97,6.0
Coal India,2026-03-31,44660.42,286517.67,287377.92,4234.28,9879.98,10937.56,306.79,11460.81,285927.26,113278.09,168762.85,153864.62,6.0
HCL Technologies,2014-06-30,9308.86,32400.71,32201.04,193.2,450.8,2152.39,22.68,1404.92,126694.97,22010.79,23341.53,9417.82,7.75
HCL Technologies,2014-09-30,9443.71,33974.32,34473.1,197.25,460.26,2183.57,22.33,1425.27,130992.69,23079.79,24988.48,10293.78,7.75
HCL Technologies,2014-12-31,9141.46,34345.55,34327.24,194.3,453.36,2113.69,22.95,1379.65,137093.47,23331.98,24882.74,10096.53,7.75
HCL Technologies,2015-03-31,9395.84,34930.37,34618.55,192.66,449.55,2172.51,22.68,1418.04,131275.74,23729.26,25093.91,10096.7,7.75
HCL Technologies,2016-06-30,12186.23,41147.65,41350.04,175.46,409.4,2661.77,21.99,2304.39,165690.33,30362.81,25998.97,11106.16,6.25
HCL Technologies,2016-09-30,12058.33,42918.85,43289.37,176.11,410.92,2633.83,21.92,2280.2,172894.6,31298.69,27218.32,11670.01,6.25
HCL Technologies,2016-12-31,11663.45,44989.36,45837.67,177.89,415.08,2547.58,22.02,2205.53,153991.42,32447.91,28820.58,12482.23,6.25
HCL Technologies,2017-03-31,12144.86,45299.31,44841.3,172.83,403.28,2652.73,22.24,2296.57,171900.63,32333.74,28194.11,11863.74,6.25
HCL Technologies,2017-06-30,12600.76,46057.94,45798.61,166.16,387.7,2802.27,17.26,2075.17,184450.43,33211.84,25057.58,10482.46,6.0
HCL Technologies,2017-09-30,12387.02,47755.66,48652.34,170.24,397.22,2754.74,17.17,2039.97,174714.07,34946.68,26618.93,11408.96,6.0
HCL Technologies,2017-12-31,12761.14,47951.11,48475.64,168.93,394.17,2837.94,17.13,2101.58,171013.41,35590.41,26522.25,11280.07,6.0
HCL Technologies,2018-03-31,12998.63,47482.33,46981.02,165.34,385.78,2890.75,17.22,2140.69,169344.91,35726.77,25704.51,10699.81,6.0
HCL Technologies,2018-06-30,14807.42,50249.23,49921.61,1250.29,2917.35,3412.52,43.53,2198.31,214268.6,37765.04,28166.2,10869.69,6.25
HCL Technologies,2018-09-30,15044.11,53418.14,53668.45,1264.4,2950.26,3467.06,43.06,2233.45,210291.7,39223.18,30280.19,11817.31,6.25
HCL Technologies,2018-12-31,14804.96,54725.61,53711.37,1235.18,2882.08,3411.95,42.92,2197.95,211256.56,39325.05,30304.41,11553.43,6.25
HCL Technologies,2019-03-31,15255.22,59152.28,59966.62,1275.83,2976.93,3515.72,43.46,2264.79,213512.56,41660.75,33833.67,13323.45,6.25
HCL Technologies,2019-06-30,17759.49,63707.96,62958.35,2367.61,5524.42,4351.17,128.11,3356.85,213827.83,46367.63,28783.16,17703.9,5.15
HCL Technologies,2019-09-30,17424.9,70672.0,70760.12,2398.79,5597.17,4269.19,124.01,3293.61,243910.26,48247.88,32349.95,20159.77,5.15
HCL Technologies,2019-12-31,17180.64,76554.84,76408.47,2391.22,5579.51,4209.35,124.34,3247.44,243810.65,49361.34,34932.25,21700.32,5.15
HCL Technologies,2020-03-31,17474.1,81300.34,79809.53,2351.87,5487.69,4281.25,126.29,3302.91,215156.46,49793.87,36487.14,22293.23,5.15
HCL Technologies,2020-06-30,19394.98,81970.0,80346.8,2018.42,4709.65,5158.34,130.13,5047.7,273800.74,53829.76,38963.72,17637.14,4.0
HCL Technologies,2020-09-30,19002.05,84280.14,84127.56,2055.47,4796.1,5053.84,129.63,4945.44,255979.26,56299.39,40797.18,18806.04,4.0
HCL Technologies,2020-12-31,18832.14,84011.35,82800.42,2029.52,4735.54,5008.65,128.6,4901.22,236139.28,57051.39,40153.59,18275.66,4.0
HCL Technologies,2021-03-31,18627.58,85020.82,84006.87,2034.64,4747.5,4954.24,128.8,4847.98,262427.62,58661.96,40738.65,18588.76,4.0
HCL Technologies,2021-06-30,22016.48,87364.54,87967.71,1916.04,4470.75,5276.95,78.45,4344.12,283409.3,57160.11,46856.23,20583.6,4.0
HCL Technologies,2021-09-30,21885.73,88158.07,88837.33,1917.56,4474.31,5245.61,78.72,4318.32,301454.38,58751.67,47319.43,20803.62,4.0
HCL Technologies,2021-12-31,21983.97,88192.53,88182.57,1902.68,4439.6,5269.16,80.33,4337.71,291375.51,59829.96,46970.67,20490.08,4.0
HCL Technologies,2022-03-31,21886.71,87250.66,85611.7,1867.15,4356.69,5245.85,79.98,4318.52,305702.18,60218.18,45601.29,19521.25,4.0
HCL Technologies,2022-06-30,25652.43,88979.64,87967.68,1421.84,3317.63,5721.33,88.87,4553.45,328443.7,59315.0,50088.28,21497.92,6.5
HCL Technologies,2022-09-30,25202.48,89652.15,88241.36,1415.57,3302.99,5620.98,88.78,4473.58,328390.4,60649.25,50244.11,21469.63,6.5
HCL Technologies,2022-12-31,26124.03,93926.95,95719.73,1465.65,3419.85,5826.51,86.66,4637.16,315530.31,64447.52,54502.25,24113.13,6.5
HCL Technologies,2023-03-31,25928.23,93499.97,93750.61,1442.06,3364.8,5782.84,89.25,4602.4,332521.2,65035.87,53381.05,23236.87,6.5
HCL Technologies,2023-06-30,28102.31,94033.88,93383.29,1714.85,4001.32,6186.89,137.72,5739.45,368356.76,62207.61,53478.03,23404.89,6.5
HCL Technologies,2023-09-30,27985.79,97273.13,98431.9,1747.37,4077.2,6161.24,139.7,5715.66,355039.86,65100.38,56369.23,25138.04,6.5
HCL Technologies,2023-12-31,28002.26,97740.63,97914.56,1729.87,4036.37,6164.86,136.15,5719.02,330368.8,66144.5,56072.96,24755.52,6.5
HCL Technologies,2024-03-31,27189.05,98594.82,98185.35,1719.63,4012.47,5985.83,137.51,5552.93,369956.66,67438.75,56228.03,24676.97,6.5
HCL Technologies,2024-06-30,29068.08,99320.74,98278.05,1863.03,4347.08,6333.37,160.67,5528.04,393637.62,63257.46,57082.73,26572.4,6.25
HCL Technologies,2024-09-30,28784.88,102164.01,102586.76,1890.59,4411.38,6271.66,158.25,5474.18,412599.39,65928.08,59585.35,28147.67,6.25
HCL Technologies,2024-12-31,29473.55,102615.68,102122.25,1873.75,4372.07,6421.71,160.76,5605.15,425142.88,67060.18,59315.55,27770.57,6.25
HCL Technologies,2025-03-31,29297.25,102497.56,100552.74,1847.08,4309.84,6383.3,160.87,5571.62,391580.22,67800.65,58403.94,26954.55,6.25
HCL Technologies,2025-06-30,32302.12,107769.0,108114.6,1569.52,3662.21,6639.92,216.37,4957.85,452419.38,69246.71,66704.68,33471.89,6.0
HCL Technologies,2025-09-30,32746.65,111750.76,113149.81,1584.09,3696.2,6731.3,219.55,5026.08,465704.86,71778.41,69811.31,35355.96,6.0
HCL Technologies,2025-12-31,33425.26,111934.6,110572.48,1545.46,3606.08,6870.79,213.06,5130.24,414544.53,71871.09,68221.14,33708.17,6.0
HCL Technologies,2026-03-31,32823.89,115065.11,113884.46,1548.45,3613.04,6747.18,220.71,5037.94,480746.49,73856.33,70264.57,34784.89,6.0
HDFC Bank,2014-06-30,11778.37,561387.64,561210.6,54621.5,127450.17,1766.75,6938.41,-4947.21,359263.15,57935.75,420070.66,31587.52,7.75
HDFC Bank,2014-09-30,12635.44,576571.85,576401.6,54622.6,127452.73,1895.32,6952.99,-5307.21,363479.13,59502.78,431441.25,32443.19,7.75
HDFC Bank,2014-12-31,13023.24,581877.38,572005.56,53711.76,125327.44,1953.49,6751.09,-5470.09,351527.79,60050.31,428150.78,31658.89,7.75
HDFC Bank,2015-03-31,12755.33,598326.32,589682.35,53849.37,125648.53,1913.3,6727.01,-5357.56,382142.54,61747.86,441382.0,32720.87,7.75
HDFC Bank,2015-06-30,14714.65,656126.79,666540.53,69687.85,162604.99,2207.2,8464.92,-8022.21,416821.41,69346.59,494005.27,34042.89,6.75
HDFC Bank,2015-09-30,15949.25,676227.47,667904.17,67754.73,158094.38,2392.39,8405.86,-8695.3,387816.98,69245.18,495015.93,33166.26,6.75
HDFC Bank,2015-12-31,15786.38,714086.8,704861.09,67712.81,157996.55,2367.96,8442.07,-8606.5,391020.44,71023.45,522406.48,34979.78,6.75
HDFC Bank,2016-03-31,15894.01,753258.56,744410.3,67793.27,158184.3,2384.1,8504.14,-8665.18,409475.3,72931.12,551718.3,36986.37,6.75
HDFC Bank,2016-06-30,17405.43,780099.83,765724.52,78831.03,183939.07,2610.81,9582.93,4105.32,491250.87,82879.0,581423.38,49695.22,6.25
HDFC Bank,2016-09-30,18458.32,839640.14,852187.0,81511.06,190192.47,2768.75,9351.39,4353.66,500361.36,88012.77,647075.33,57186.87,6.25
HDFC Bank,2016-12-31,18192.05,870342.01,881002.0,81294.61,189687.43,2728.81,9425.62,4290.85,487414.22,90089.04,668954.89,58963.54,6.25
HDFC Bank,2017-03-31,18510.15,887720.66,883121.28,79894.86,186421.34,2776.52,9399.93,4365.88,467632.15,90808.06,670564.08,58087.69,6.25
HDFC Bank,2017-06-30,20399.62,943638.23,942224.08,99137.95,231321.88,3059.94,10539.69,4117.33,545837.66,100747.79,735132.87,41591.72,6.0
HDFC Bank,2017-09-30,20729.27,1006279.91,1014867.49,100134.05,233646.12,3109.39,10490.33,4183.87,558248.62,104510.34,791809.99,45248.47,6.0
HDFC Bank,2017-12-31,21763.68,1033969.25,1017722.37,97726.64,228028.82,3264.55,10608.86,4392.65,520630.43,104681.86,794037.4,44284.84,6.0
HDFC Bank,2018-03-31,22004.64,1093003.29,1082914.58,98370.3,229530.69,3300.7,10486.11,4441.28,514739.12,108073.16,844901.03,47431.95,6.0
HDFC Bank,2018-06-30,24256.54,1137310.79,1124183.86,115009.59,268355.71,3638.48,13332.68,-14502.12,571823.44,140008.54,868691.48,50624.73,6.25
HDFC Bank,2018-09-30,25690.46,1202480.94,1206982.66,116788.13,272505.63,3853.57,13638.01,-15359.41,604905.47,146016.2,932672.66,55193.9,6.25
HDFC Bank,2018-12-31,27281.32,1224823.0,1204585.02,114430.03,267003.39,4092.2,13427.41,-16310.53,591545.28,146832.89,930819.94,53972.03,6.25
HDFC Bank,2019-03-31,27220.05,1289271.96,1285747.58,116034.48,270747.11,4083.01,13560.08,-16273.9,553013.52,152709.41,993536.75,58416.31,6.25
HDFC Bank,2019-06-30,28643.4,1372777.98,1380790.46,143105.11,333911.93,4296.51,15449.17,-3954.41,666079.02,163573.44,1036577.67,62755.35,5.15
HDFC Bank,2019-09-30,30283.5,1442897.17,1449002.05,142876.66,333378.88,4542.52,15836.56,-4180.84,630929.61,167726.16,1087785.02,65750.36,5.15
HDFC Bank,2019-12-31,30413.73,1493491.8,1478315.39,140828.95,328600.88,4562.06,15318.55,-4198.82,622863.31,169672.89,1109790.93,66119.09,5.15
HDFC Bank,2020-03-31,30871.96,1560176.37,1539792.58,140415.87,327637.04,4630.79,15400.71,-4262.08,700431.31,173513.03,1155942.66,68666.71,5.15
HDFC Bank,2020-06-30,29762.14,1629637.41,1623796.59,161375.16,376542.04,4464.32,14826.52,9833.97,794587.55,192870.81,1223085.39,70382.39,4.0
HDFC Bank,2020-09-30,31389.9,1721907.87,1754243.26,164996.97,384992.92,4708.49,14751.48,10371.81,780793.81,202529.2,1321341.18,77743.03,4.0
HDFC Bank,2020-12-31,33404.39,1721867.84,1699200.32,159823.57,372921.65,5010.66,14668.56,11037.44,757558.99,201341.61,1279881.42,72942.57,4.0
HDFC Bank,2021-03-31,33954.94,1804661.7,1809831.17,162419.55,378978.96,5093.24,14845.63,11219.35,711686.99,209858.42,1363211.43,78953.62,4.0
HDFC Bank,2021-06-30,32806.83,1867101.86,1853933.51,189716.52,442671.87,4921.02,14462.66,-2886.43,816317.11,226654.19,1455979.51,78595.72,4.0
HDFC Bank,2021-09-30,33999.52,1931004.9,1901254.82,188120.43,438947.66,5099.93,14495.09,-2991.37,840796.12,230821.6,1493143.12,79923.76,4.0
HDFC Bank,2021-12-31,34224.07,2013844.53,1986002.14,188422.51,439652.51,5133.61,14693.59,-3011.12,823680.45,237276.25,1559699.09,83620.37,4.0
HDFC Bank,2022-03-31,35071.96,2109058.87,2095274.42,189815.3,442902.36,5260.79,14383.44,-3085.72,777847.6,245159.14,1645515.65,88873.39,4.0
HDFC Bank,2022-06-30,39491.66,2208999.35,2193302.54,226120.6,527614.74,5923.75,19826.09,4813.82,971191.32,265315.22,1742570.88,87595.56,6.5
HDFC Bank,2022-09-30,42060.06,2350901.71,2375372.51,230109.44,536922.03,6309.01,19586.17,5126.9,939473.67,277292.64,1887224.8,96540.5,6.5
HDFC Bank,2022-12-31,43468.01,2413876.22,2399283.68,226362.14,528178.32,6520.2,19376.43,5298.52,988906.24,279955.3,1906222.14,95924.33,6.5
HDFC Bank,2023-03-31,44841.38,2492404.39,2454948.26,224316.39,523404.92,6726.21,19806.7,5465.92,959494.32,284538.68,1950447.44,97262.8,6.5
HDFC Bank,2023-06-30,69138.41,2854992.91,2805486.9,356427.89,831665.07,10370.76,38043.41,4648.0,1076333.78,414155.06,2096641.32,318968.06,6.5
HDFC Bank,2023-09-30,71229.11,3233046.63,3186461.32,357491.03,834145.73,10684.37,39061.64,4788.55,1085312.18,426617.16,2381357.21,363363.31,6.5
HDFC Bank,2023-12-31,71035.61,3606165.76,3557737.23,357846.39,834974.92,10655.34,38016.31,4775.54,1088513.67,438279.17,2658825.05,406104.49,6.5
HDFC Bank,2024-03-31,73763.57,4007436.38,3984807.26,360669.27,841561.64,11064.54,38570.3,4958.94,1098898.05,453063.12,2977989.86,458441.31,6.5
HDFC Bank,2024-06-30,79371.63,4110640.79,4100633.01,394327.53,920097.56,11905.74,46555.71,30024.96,1137861.11,480773.85,2978653.42,488795.24,6.25
HDFC Bank,2024-09-30,83903.45,4252860.83,4294982.76,399205.0,931478.33,12585.52,45608.25,31739.27,1161219.5,499875.2,3119826.87,518294.22,6.25
HDFC Bank,2024-12-31,84395.44,4281652.72,4261767.22,393454.03,918059.41,12659.32,46708.29,31925.38,1168802.67,505639.08,3095699.48,506877.13,6.25
HDFC Bank,2025-03-31,88726.89,4324804.96,4258531.31,389232.45,908209.04,13309.03,46201.97,33563.89,1242397.39,513039.79,3093348.95,501057.83,6.25
HDFC Bank,2025-06-30,83430.49,4455857.37,4391563.29,435350.01,1015816.68,12514.57,46066.51,27164.24,1361157.24,528735.99,3231309.07,562981.89,6.0
HDFC Bank,2025-09-30,87781.64,4723340.71,4797760.26,448683.36,1046927.83,13167.25,46434.82,28580.93,1360028.22,559657.27,3530188.52,633891.94,6.0
HDFC Bank,2025-12-31,87038.93,4730978.85,4683383.15,437279.76,1020319.43,13055.84,46023.51,28339.11,1350740.83,559786.69,3446029.91,603053.43,6.0
HDFC Bank,2026-03-31,87255.92,4959567.32,5011634.58,446361.06,1041509.14,13088.39,46502.39,28409.77,1378367.25,586063.78,3687557.08,658722.39,6.0
Hindustan Unilever,2014-06-30,7077.58,13121.15,12898.4,12.68,29.59,1198.04,4.42,728.74,169531.92,3465.33,7210.77,9102.3,7.75
Hindustan Unilever,2014-09-30,7501.0,13762.81,13817.34,12.95,30.22,1269.72,4.43,772.34,161239.91,3634.79,7724.49,9958.48,7.75
Hindustan Unilever,2014-12-31,8870.64,13796.37,13528.78,12.65,29.52,1501.56,4.46,913.37,169875.77,3643.66,7563.18,9523.66,7.75
Hindustan Unilever,2015-03-31,8424.68,14549.27,14669.52,13.01,30.35,1426.07,4.53,867.45,160894.81,3842.5,8200.9,10617.99,7.75
Hindustan Unilever,2015-06-30,7001.43,14577.48,14634.43,53.31,124.38,1285.6,4.21,907.32,187458.1,5903.2,8443.51,7987.87,6.75
Hindustan Unilever,2015-09-30,7849.07,14409.76,14210.81,52.37,122.19,1441.25,4.18,1017.16,189686.28,5955.77,8199.1,7619.78,6.75
Hindustan Unilever,2015-12-31,8976.77,14527.37,14354.57,52.47,122.43,1648.32,4.32,1163.3,179566.91,6124.35,8282.04,7711.79,6.75
Hindustan Unilever,2016-03-31,8713.66,14738.65,14684.5,52.9,123.44,1600.0,4.28,1129.21,163354.65,6333.64,8472.4,7954.68,6.75
Hindustan Unilever,2016-06-30,7331.94,14991.36,14961.53,82.93,193.51,1399.09,8.66,1146.38,212856.24,6026.38,6919.68,8256.87,6.25
Hindustan Unilever,2016-09-30,7828.26,15059.52,14871.9,82.06,191.48,1493.8,8.87,1223.98,203808.32,6124.34,6878.23,8121.31,6.25
Hindustan Unilever,2016-12-31,9380.56,15173.35,14874.93,81.47,190.09,1790.01,8.61,1466.68,196227.85,6239.62,6879.63,8063.67,6.25
Hindustan Unilever,2017-03-31,8654.01,15966.44,16231.19,84.48,197.12,1651.37,8.84,1353.09,196241.76,6636.25,7506.9,9124.25,6.25
Hindustan Unilever,2017-06-30,7706.69,16390.2,16536.69,0.0,0.0,1625.9,6.48,1313.68,204686.71,6593.54,9258.03,9883.48,6.0
Hindustan Unilever,2017-09-30,8487.25,16876.44,16969.39,0.0,0.0,1790.57,6.53,1446.74,212966.8,6748.72,9500.27,10107.6,6.0
Hindustan Unilever,2017-12-31,9900.42,17114.62,16908.74,0.0,0.0,2088.71,6.39,1687.62,235551.71,6805.51,9466.32,9895.83,6.0
Hindustan Unilever,2018-03-31,9644.48,17682.22,17504.25,0.0,0.0,2034.71,6.37,1644.0,211985.29,6993.89,9799.71,10264.71,6.0
Hindustan Unilever,2018-06-30,8529.27,17737.83,17427.44,29.18,68.09,1926.73,8.17,1258.45,247157.62,6953.33,10095.92,9800.68,6.25
Hindustan Unilever,2018-09-30,9466.49,18371.67,18498.7,29.91,69.78,2138.45,8.29,1396.74,232118.99,7318.71,10716.52,10661.64,6.25
Hindustan Unilever,2018-12-31,11103.09,18662.25,18890.0,30.06,70.15,2508.15,8.36,1638.21,261649.0,7550.76,10943.2,10944.34,6.25
Hindustan Unilever,2019-03-31,10788.43,18405.66,18185.0,29.34,68.47,2437.07,8.26,1591.78,253440.84,7559.27,10534.79,10284.07,6.25
Hindustan Unilever,2019-06-30,8879.81,19026.31,19042.63,0.0,0.0,2201.03,29.78,1701.5,259407.48,7418.38,12115.55,11276.69,5.15
Hindustan Unilever,2019-09-30,9375.4,19456.5,19522.23,0.0,0.0,2323.88,30.0,1796.46,280356.09,7638.06,12420.68,11589.81,5.15
Hindustan Unilever,2019-12-31,10788.6,20084.67,20402.29,0.0,0.0,2674.17,29.34,2067.25,286068.63,7936.22,12980.6,12262.39,5.15
Hindustan Unilever,2020-03-31,10825.45,20257.99,20363.54,0.0,0.0,2683.3,29.45,2074.31,267429.17,8054.75,12955.95,12111.34,5.15
Hindustan Unilever,2020-06-30,10473.7,32225.52,32151.46,0.0,0.0,2589.25,29.17,2040.71,319540.97,43780.23,6474.73,9830.46,4.0
Hindustan Unilever,2020-09-30,11461.52,45023.85,45608.7,0.0,0.0,2833.45,28.74,2233.18,301717.72,45652.46,9184.77,14158.76,4.0
Hindustan Unilever,2020-12-31,12889.18,56142.87,55696.08,0.0,0.0,3186.39,28.69,2511.35,312216.16,45884.94,11216.19,16932.74,4.0
Hindustan Unilever,2021-03-31,12244.99,69914.38,71108.83,0.0,0.0,3027.14,29.24,2385.83,292380.65,48249.47,14320.04,22164.25,4.0
Hindustan Unilever,2021-06-30,11721.19,69610.91,70042.98,314.84,734.63,2873.42,26.4,2022.14,336126.03,45444.38,14105.75,20393.82,4.0
Hindustan Unilever,2021-09-30,12201.44,68426.85,67251.26,307.52,717.56,2991.15,26.14,2105.0,331954.55,45587.8,13543.54,19125.86,4.0
Hindustan Unilever,2021-12-31,14564.76,70944.86,71836.29,316.83,739.27,3570.51,26.9,2512.72,359888.69,48203.51,14466.9,21048.13,4.0
Hindustan Unilever,2022-03-31,13701.38,69969.61,69437.3,310.52,724.55,3358.86,26.28,2363.77,335551.14,48454.55,13983.78,19939.9,4.0
Hindustan Unilever,2022-06-30,13339.6,70741.45,70336.49,363.61,848.42,3115.14,28.54,2200.0,382320.98,46048.7,15770.54,20626.93,6.5
Hindustan Unilever,2022-09-30,14671.38,71239.55,70691.85,362.89,846.74,3426.15,28.83,2419.64,417397.46,47199.86,15850.21,20690.2,6.5
Hindustan Unilever,2022-12-31,17112.12,72012.47,71593.14,363.57,848.33,3996.12,28.3,2822.17,391832.04,48533.01,16052.29,20993.38,6.5
Hindustan Unilever,2023-03-31,16634.06,71915.27,70772.02,359.89,839.73,3884.48,28.93,2743.33,384760.15,49273.04,15868.19,20542.3,6.5
Hindustan Unilever,2023-06-30,13660.73,73518.57,72618.3,439.75,1026.08,3235.31,83.51,3414.08,463628.73,46581.79,17666.76,23566.07,6.5
Hindustan Unilever,2023-09-30,14856.36,76870.53,77973.67,451.59,1053.71,3518.47,84.63,3712.89,455879.56,49128.9,18969.63,25985.32,6.5
Hindustan Unilever,2023-12-31,16959.32,76088.08,75054.39,439.15,1024.69,4016.52,83.87,4238.46,450638.39,49033.12,18259.42,24323.59,6.5
Hindustan Unilever,2024-03-31,16238.54,77640.06,76800.3,440.38,1027.56,3845.82,84.15,4058.32,411626.69,50431.56,18684.17,24959.28,6.5
Hindustan Unilever,2024-06-30,13221.2,79522.25,80218.04,498.73,1163.69,3168.62,93.35,2562.4,509331.51,45877.4,20801.06,29194.31,6.25
Hindustan Unilever,2024-09-30,14578.45,77857.1,76560.17,486.16,1134.38,3493.9,93.96,2825.45,453288.7,45930.59,19852.55,27161.29,6.25
Hindustan Unilever,2024-12-31,16526.97,78697.39,77883.77,489.29,1141.67,3960.89,96.74,3203.1,479621.32,47442.22,20195.77,27808.43,6.25
Hindustan Unilever,2025-03-31,16016.78,79924.41,79985.87,494.78,1154.49,3838.61,94.19,3104.22,499537.71,49204.81,20740.86,28879.52,6.25
Hindustan Unilever,2025-06-30,13966.26,79483.79,79137.34,441.47,1030.09,3258.03,100.69,2382.81,526609.9,44670.64,16942.41,29170.92,6.0
Hindustan Unilever,2025-09-30,15053.51,80171.73,80544.69,445.46,1039.41,3511.66,104.39,2568.31,555005.3,46293.16,17243.7,29958.38,6.0
Hindustan Unilever,2025-12-31,17639.11,79899.77,80030.5,444.13,1036.29,4114.83,102.21,3009.44,567285.82,47368.78,17133.62,29677.77,6.0
Hindustan Unilever,2026-03-31,17454.35,79738.36,79738.72,443.4,1034.6,4071.73,101.15,2977.92,542252.31,48504.22,17071.15,29521.4,6.0
ICICI Bank,2014-06-30,12930.26,752222.06,740506.41,73189.17,170774.74,1939.54,8183.32,-2887.22,273070.43,76075.52,489348.15,127220.14,7.75
ICICI Bank,2014-09-30,13433.88,794107.45,803550.83,75231.23,175539.54,2015.08,8046.31,-2999.67,244236.28,80311.58,531009.73,141903.05,7.75
ICICI Bank,2014-12-31,13788.13,812515.96,819667.29,75001.47,175003.44,2068.22,8151.33,-3078.77,264571.52,82173.31,541659.95,144307.06,7.75
ICICI Bank,2015-03-31,14317.93,817877.66,809757.74,73608.99,171754.31,2147.69,8093.31,-3197.07,252340.84,82715.56,535111.43,139915.6,7.75
ICICI Bank,2015-06-30,13813.29,852081.06,854923.33,82963.86,193582.34,2071.99,8637.86,5508.4,285178.97,86263.69,580645.24,143022.26,6.75
ICICI Bank,2015-09-30,14789.71,860320.61,848391.45,81541.49,190263.48,2218.46,8651.06,5897.77,293773.89,87076.23,576208.94,139496.23,6.75
ICICI Bank,2015-12-31,15125.31,878323.78,861393.57,81094.18,189219.75,2268.8,8536.89,6031.61,307029.12,88877.46,585039.69,140857.13,6.75
ICICI Bank,2016-03-31,15664.07,925982.96,933266.78,83338.47,194456.42,2349.61,8521.14,6246.45,309364.74,93679.13,633854.4,156833.5,6.75
ICICI Bank,2016-06-30,14653.21,938352.96,941216.37,88985.97,207633.92,2197.98,8587.96,12656.49,330090.5,95999.03,641669.47,172606.65,6.25
ICICI Bank,2016-09-30,15165.65,968785.37,985617.71,90256.65,210598.85,2274.85,8791.37,13099.1,346647.88,100001.47,671939.86,183330.29,6.25
ICICI Bank,2016-12-31,15493.86,987774.86,1006931.42,90435.76,211016.78,2324.08,8574.27,13382.59,342147.27,102836.76,686470.37,187666.44,6.25
ICICI Bank,2017-03-31,15338.66,1000309.64,1015110.08,90027.87,210065.03,2300.8,8855.6,13248.54,325527.24,104997.88,692046.13,188337.43,6.25
ICICI Bank,2017-06-30,14844.33,1002191.79,984343.22,99383.23,231894.2,2226.65,8530.9,4628.67,353910.11,99341.89,650176.56,170657.38,6.0
ICICI Bank,2017-09-30,15822.89,1047976.65,1040997.09,100511.39,234526.58,2373.43,8395.78,4933.8,357572.48,103184.98,687597.46,182528.3,6.0
ICICI Bank,2017-12-31,15886.88,1082944.89,1076288.93,100563.39,234647.91,2383.03,8709.35,4953.76,354593.83,105955.16,710908.37,188814.0,6.0
ICICI Bank,2018-03-31,16234.81,1111896.14,1099647.7,100070.65,233498.19,2435.22,8549.13,5062.25,360728.83,108139.49,726337.26,191966.62,6.0
ICICI Bank,2018-06-30,16727.34,1152833.98,1152758.71,111484.18,260129.76,2509.1,9667.71,11310.27,401833.24,104484.88,773224.0,216709.82,6.25
ICICI Bank,2018-09-30,18443.42,1185346.23,1189167.23,111850.86,260985.33,2766.51,9740.59,12470.61,415729.76,107661.74,797645.37,224289.62,6.25
ICICI Bank,2018-12-31,17819.17,1194580.56,1179196.08,110055.61,256796.42,2672.88,9858.57,12048.52,437147.62,108721.46,790957.12,218839.21,6.25
ICICI Bank,2019-03-31,18144.64,1218247.35,1198041.48,109642.26,255831.94,2721.7,9761.05,12268.59,439479.83,111090.38,803597.85,221501.55,6.25
ICICI Bank,2019-06-30,20151.2,1251366.79,1229696.94,121809.74,284222.72,3022.68,11209.1,18899.18,474203.85,110591.27,824455.3,210303.41,5.15
ICICI Bank,2019-09-30,20839.84,1292615.4,1277369.76,122494.29,285820.01,3125.98,11344.29,19545.03,433402.17,114218.53,856417.73,219684.14,5.15
ICICI Bank,2019-12-31,21031.63,1346149.9,1349641.34,124277.78,289981.48,3154.74,11154.02,19724.9,424284.33,118931.04,904872.5,235493.04,5.15
ICICI Bank,2020-03-31,22206.41,1378635.7,1379980.71,124077.21,289513.5,3330.96,11145.64,20826.69,451646.36,121783.7,925213.66,240398.23,5.15
ICICI Bank,2020-06-30,21050.12,1406751.08,1387351.44,139689.77,325942.79,3157.52,10690.19,32583.39,484694.69,142496.14,904816.34,271577.03,4.0
ICICI Bank,2020-09-30,22774.62,1468074.45,1460634.8,140925.29,328825.67,3416.19,10855.06,35252.73,491951.84,147641.8,952610.99,288451.32,4.0
ICICI Bank,2020-12-31,22933.01,1495736.6,1467340.72,138954.05,324226.12,3439.95,10625.82,35497.9,482588.58,149407.57,956984.53,285722.3,4.0
ICICI Bank,2021-03-31,23256.99,1544041.52,1514834.18,138963.74,324248.72,3488.55,10732.55,35999.39,487966.66,153249.22,987959.27,294990.85,4.0
ICICI Bank,2021-06-30,22293.55,1587423.96,1556927.04,154706.95,360982.88,3344.03,10362.51,13578.67,535736.42,163902.77,1043644.1,276728.56,4.0
ICICI Bank,2021-09-30,24280.96,1673386.54,1683610.67,158701.08,370302.52,3642.14,10159.42,14789.18,548006.17,172678.48,1128563.06,306971.08,4.0
ICICI Bank,2021-12-31,23744.08,1723115.41,1738435.07,159139.72,371326.02,3561.61,10186.02,14462.17,604517.69,177712.49,1165313.12,317843.24,4.0
ICICI Bank,2022-03-31,25054.06,1764420.69,1776283.6,158797.86,370528.34,3758.11,10249.42,15260.06,544968.03,181877.67,1190683.86,324065.55,4.0
ICICI Bank,2022-06-30,28396.55,1768956.52,1734497.38,172830.49,403271.14,4259.48,12836.07,-884.5,598118.36,193278.57,1158287.06,298807.98,6.5
ICICI Bank,2022-09-30,29736.27,1831918.83,1808575.45,174018.04,406042.09,4460.44,12396.45,-926.23,649113.68,199866.27,1207755.95,313710.52,6.5
ICICI Bank,2022-12-31,30726.54,1931241.68,1955764.09,178502.26,416505.26,4608.98,12834.22,-957.07,624389.08,210411.73,1306047.66,347983.27,6.5
ICICI Bank,2023-03-31,30724.76,1965563.67,1972662.89,176900.73,412768.37,4608.71,12574.94,-957.02,616829.59,213870.68,1317332.57,347840.93,6.5
ICICI Bank,2023-06-30,38167.25,2064171.69,2068469.07,213208.62,497486.79,5725.09,18459.87,37633.2,710142.08,236124.14,1330982.38,400612.79,6.5
ICICI Bank,2023-09-30,39387.21,2184065.5,2207094.79,215009.12,501687.95,5908.08,18859.34,38836.09,676160.95,244553.78,1420182.84,431071.07,6.5
ICICI Bank,2023-12-31,41575.86,2298379.41,2334652.63,216123.56,504288.3,6236.38,18517.69,40994.12,751896.65,252290.33,1502261.53,458348.05,6.5
ICICI Bank,2024-03-31,40891.06,2342188.55,2320516.5,210796.97,491859.6,6133.66,18173.11,40318.9,722253.93,252381.92,1493165.46,444344.73,6.5
ICICI Bank,2024-06-30,44608.03,2398500.87,2363900.68,234371.22,546866.18,6691.2,22041.45,29399.77,846633.89,284875.23,1549182.63,412496.52,6.25
ICICI Bank,2024-09-30,47936.64,2470278.53,2437836.79,234678.68,547583.59,7190.5,22279.87,31593.56,774296.66,292958.38,1597636.67,425956.3,6.25
ICICI Bank,2024-12-31,46141.4,2533360.08,2494625.12,234165.71,546386.66,6921.21,22625.84,30410.37,813409.26,300010.6,1634852.91,434926.0,6.25
ICICI Bank,2025-03-31,47329.78,2658244.57,2674345.06,239242.01,558231.36,7099.47,22305.23,31193.59,845966.8,314373.64,1752632.4,476367.0,6.25
ICICI Bank,2025-06-30,45547.58,2670939.22,2632144.96,258494.95,603154.89,6832.14,21821.89,15708.03,957602.68,327202.53,1830046.89,448415.04,6.0
ICICI Bank,2025-09-30,49899.35,2789540.42,2800756.25,263359.46,614505.41,7484.9,22343.98,17208.83,923765.28,342369.74,1947276.97,486118.94,6.0
ICICI Bank,2025-12-31,48810.98,2837185.18,2827966.65,261452.54,610055.94,7321.65,22626.2,16833.48,883171.95,348835.23,1966195.5,487287.71,6.0
ICICI Bank,2026-03-31,50325.69,2875593.34,2837208.01,258803.4,603874.6,7548.85,21853.92,17355.87,934276.84,354154.55,1972620.72,483926.56,6.0
ITC,2014-06-30,8507.26,42533.99,42562.4,80.75,188.43,3123.52,22.82,2157.22,179627.29,28633.06,19456.52,12927.77,7.75
ITC,2014-09-30,9098.73,44342.56,45041.56,81.97,191.27,3340.68,22.62,2307.2,184806.84,29850.55,20589.81,13887.17,7.75
ITC,2014-12-31,10926.1,45305.65,45813.74,81.61,190.41,4011.61,22.68,2770.58,171832.58,30498.89,20942.8,14061.98,7.75
ITC,2015-03-31,10382.01,46119.5,46287.62,80.99,188.99,3811.85,22.48,2632.61,163823.73,31046.76,21159.42,14101.09,7.75
ITC,2015-06-30,8535.1,46821.64,46273.03,24.9,58.11,3164.51,19.78,2133.99,179928.69,38280.53,19921.65,7869.27,6.75
ITC,2015-09-30,9067.4,48815.01,48828.52,25.21,58.82,3361.87,19.84,2267.08,190383.92,39792.26,21021.86,8404.64,6.75
ITC,2015-12-31,10978.84,49889.11,49554.24,25.03,58.41,4070.56,19.76,2744.99,199168.57,40554.07,21334.29,8469.96,6.75
ITC,2016-03-31,10654.4,50931.18,50221.39,24.85,57.98,3950.27,19.62,2663.87,204802.27,41291.42,21621.52,8521.56,6.75
ITC,2016-06-30,9431.03,52555.09,52397.91,13.76,32.1,3411.38,12.14,2343.42,200357.39,41683.11,17523.46,8822.44,6.25
ITC,2016-09-30,9930.61,52699.04,51645.08,13.52,31.56,3592.09,12.38,2467.56,213477.64,42079.36,17271.69,8547.34,6.25
ITC,2016-12-31,11777.08,55873.92,56931.23,14.06,32.81,4260.0,12.03,2926.37,206884.87,44901.96,19039.54,9796.43,6.25
ITC,2017-03-31,11306.04,55295.23,54698.97,13.65,31.85,4089.61,12.15,2809.33,199107.76,44710.61,18293.01,9137.9,6.25
ITC,2017-06-30,9690.32,57344.29,56711.88,10.68,24.92,3684.63,29.29,2937.05,248651.73,46920.03,17793.69,10210.47,6.0
ITC,2017-09-30,10468.91,59883.59,59698.27,10.77,25.12,3980.69,29.15,3173.03,234689.02,48574.7,18730.69,10834.37,6.0
ITC,2017-12-31,11823.23,62942.83,63740.39,10.94,25.52,4495.65,28.99,3583.51,229985.22,50641.41,19998.93,11750.9,6.0
ITC,2018-03-31,11532.61,65029.09,65826.85,10.93,25.51,4385.15,29.21,3495.43,261129.25,51919.21,20653.57,12130.72,6.0
ITC,2018-06-30,10797.03,66355.2,66595.77,3.91,9.13,4140.35,17.67,2810.49,278401.66,53765.6,21522.78,11725.09,6.25
ITC,2018-09-30,11190.37,68559.27,69133.3,3.93,9.18,4291.19,17.78,2912.88,256962.78,55479.92,22342.88,12229.43,6.25
ITC,2018-12-31,13517.33,71128.27,72414.9,3.97,9.26,5183.51,17.81,3518.59,251538.98,57488.55,23403.44,12933.36,6.25
ITC,2019-03-31,12748.88,71155.22,70576.18,3.87,9.03,4888.83,17.82,3318.56,280721.01,57443.71,22809.19,12280.26,6.25
ITC,2019-06-30,11034.21,73172.53,73213.08,83.15,194.01,4321.81,19.93,3282.02,304411.08,59273.53,22422.93,11142.83,5.15
ITC,2019-09-30,11637.65,75501.3,76490.38,84.19,196.44,4558.17,20.6,3461.51,313570.26,61638.84,23426.67,11787.6,5.15
ITC,2019-12-31,13756.36,77196.44,78496.41,84.5,197.17,5388.01,20.22,4091.7,313443.13,63494.42,24041.06,12141.39,5.15
ITC,2020-03-31,13392.8,76612.33,75919.97,82.35,192.15,5245.61,20.54,3983.56,318913.55,63465.23,23251.97,11444.04,5.15
ITC,2020-06-30,10638.39,75920.97,75421.75,80.77,188.45,3685.65,14.41,2705.55,366522.82,54322.73,22065.88,13350.55,4.0
ITC,2020-09-30,11948.8,76222.04,76914.31,82.04,191.42,4139.64,14.62,3038.81,343837.4,56670.26,22502.55,13829.34,4.0
ITC,2020-12-31,13909.04,74291.73,73936.67,80.91,188.79,4818.76,14.5,3537.34,322100.64,57362.63,21631.4,13111.34,4.0
ITC,2021-03-31,13402.51,73419.8,73080.17,80.92,188.82,4643.28,14.64,3408.52,314591.98,58842.54,21380.81,12961.45,4.0
ITC,2021-06-30,13613.27,75227.75,75840.71,75.31,175.72,4629.34,14.71,3541.31,410001.11,57092.71,24460.88,14352.59,4.0
ITC,2021-09-30,14349.31,76097.03,76720.64,75.31,175.73,4879.64,14.84,3732.79,400658.75,58638.48,24744.68,14519.79,4.0
ITC,2021-12-31,16723.84,74968.27,73623.85,73.36,171.17,5687.12,15.28,4350.49,381603.43,58621.95,23745.88,13572.6,4.0
ITC,2022-03-31,16435.17,76205.59,75227.89,73.74,172.06,5588.96,15.22,4275.39,399613.98,60437.52,24263.23,13940.38,4.0
ITC,2022-06-30,15651.52,78185.74,77033.96,90.45,211.04,5672.76,19.42,4166.29,452029.14,61893.19,24736.2,14475.76,6.5
ITC,2022-09-30,16496.9,80828.94,80150.12,91.03,212.4,5979.17,19.35,4391.33,452447.21,63974.58,25736.83,15158.14,6.5
ITC,2022-12-31,19704.82,82837.09,82010.27,90.88,212.06,7141.85,19.73,5245.24,435600.91,65553.3,26334.13,15485.18,6.5
ITC,2023-03-31,19052.5,87225.19,88642.04,93.29,217.68,6905.42,19.76,5071.6,393733.38,69015.13,28463.65,17180.75,6.5
ITC,2023-06-30,15101.08,87482.39,87653.36,91.08,212.51,5599.22,9.58,3818.84,462063.73,67897.01,28620.08,16218.38,6.5
ITC,2023-09-30,15946.8,89223.29,89656.18,91.34,213.13,5912.8,9.69,4032.71,465616.07,69933.71,29274.03,16636.93,6.5
ITC,2023-12-31,18942.13,88714.6,87182.87,89.33,208.44,7023.41,9.71,4790.18,500032.64,70194.27,28466.46,15821.88,6.5
ITC,2024-03-31,17938.22,92434.61,93120.27,91.57,213.67,6651.18,9.72,4536.31,465494.09,73802.42,30405.11,17323.86,6.5
ITC,2024-06-30,16130.19,92430.78,94074.01,87.02,203.05,5531.84,11.19,3774.77,547862.95,64751.62,32322.94,19244.38,6.25
ITC,2024-09-30,18073.27,88796.33,87727.2,84.47,197.1,6198.22,11.31,4229.49,528714.33,64553.34,30142.24,17420.26,6.25
ITC,2024-12-31,21025.7,88150.43,87367.14,84.74,197.73,7210.76,11.07,4920.41,516541.64,66463.64,30018.52,17404.16,6.25
ITC,2025-03-31,20066.72,86480.56,84984.45,84.02,196.05,6881.87,11.47,4695.99,537317.23,67589.13,29199.86,16785.79,6.25
ITC,2025-06-30,17017.16,88028.5,86666.88,708.57,1653.32,5891.75,21.65,3983.93,590745.7,64890.46,29121.89,17068.55,6.0
ITC,2025-09-30,18998.5,90539.29,90259.44,717.48,1674.11,6577.74,21.42,4447.79,585266.32,67482.08,30329.07,17999.55,6.0
ITC,2025-12-31,21555.46,91141.43,90067.18,711.22,1659.51,7463.02,21.05,5046.41,598371.81,68653.8,30264.46,17804.54,6.0
ITC,2026-03-31,20804.19,94224.13,94814.93,724.21,1689.83,7202.91,21.07,4870.53,644979.58,71700.78,31859.81,19085.56,6.0
Infosys,2014-06-30,13517.76,60782.72,60252.78,0.0,0.0,3773.23,3.04,2117.7,190847.69,45997.14,47171.3,14013.5,7.75
Infosys,2014-09-30,13530.19,64210.12,65469.94,0.0,0.0,3776.7,3.04,2119.65,198419.8,48590.82,51255.77,15662.21,7.75
Infosys,2014-12-31,13227.39,64220.21,63811.26,0.0,0.0,3692.18,3.03,2072.21,215102.51,48598.45,49957.2,14876.33,7.75
Infosys,2015-03-31,13616.4,66954.2,67626.07,0.0,0.0,3800.76,2.99,2133.16,209428.87,50667.39,52943.78,16025.93,7.75
Infosys,2015-06-30,15238.53,68505.64,68520.03,0.0,0.0,4168.08,0.01,2447.3,237153.65,56066.78,53704.35,12186.86,6.75
Infosys,2015-09-30,15441.71,70380.19,70068.27,0.0,0.0,4223.65,0.01,2479.93,207741.58,57314.85,54917.82,12404.39,6.75
Infosys,2015-12-31,15989.94,72368.9,71845.86,0.0,0.0,4373.6,0.01,2567.98,241610.95,58657.97,56311.05,12683.36,6.75
Infosys,2016-03-31,16032.3,75494.03,75892.15,0.0,0.0,4385.19,0.01,2574.78,223522.16,60919.57,59482.43,13566.38,6.75
Infosys,2016-06-30,16908.57,77642.62,78178.41,0.0,0.0,4593.29,0.01,2846.98,262620.0,63183.17,48122.01,13411.24,6.25
Infosys,2016-09-30,17420.53,77829.2,76556.56,0.0,0.0,4732.37,0.01,2933.18,252201.66,63392.29,47123.7,12829.73,6.25
Infosys,2016-12-31,16666.5,80945.74,80756.43,0.0,0.0,4527.53,0.01,2806.22,268085.74,65987.36,49708.89,13726.37,6.25
Infosys,2017-03-31,16967.85,81960.62,80790.19,0.0,0.0,4609.4,0.01,2856.96,262988.99,66869.25,49729.67,13567.74,6.25
Infosys,2017-06-30,17755.55,80830.82,79486.14,0.0,0.0,4738.88,0.01,3327.94,291809.08,58065.08,53097.61,14210.53,6.0
Infosys,2017-09-30,17178.56,81918.77,82594.58,0.0,0.0,4584.88,0.01,3219.79,263780.6,61143.54,55174.08,15139.94,6.0
Infosys,2017-12-31,17191.33,79894.91,79493.11,0.0,0.0,4588.29,0.01,3222.19,276866.77,61926.11,53102.27,14379.52,6.0
Infosys,2018-03-31,17961.39,80891.55,82464.08,0.0,0.0,4793.81,0.01,3366.52,294179.8,65075.96,55086.91,15283.79,6.0
Infosys,2018-06-30,20515.3,81420.98,82323.6,0.0,0.0,5005.06,0.01,3682.7,319603.39,58713.4,54552.38,18929.3,6.25
Infosys,2018-09-30,20574.78,80436.78,79185.82,0.0,0.0,5019.57,0.01,3693.38,316270.82,58711.59,52473.11,17728.1,6.25
Infosys,2018-12-31,20062.77,81415.69,79970.73,0.0,0.0,4894.66,0.01,3601.47,297332.58,60122.23,52993.24,17863.89,6.25
Infosys,2019-03-31,20194.43,84893.36,85728.86,0.0,0.0,4926.78,0.01,3625.11,320868.17,63395.85,56808.91,19688.04,6.25
Infosys,2019-06-30,23327.17,85262.35,84531.53,1377.99,3215.3,5721.12,42.29,4368.62,375557.09,58076.29,53651.74,19826.1,5.15
Infosys,2019-09-30,22321.32,86217.09,84534.67,1362.78,3179.81,5474.43,43.29,4180.25,381303.97,58987.62,53653.73,19608.01,5.15
Infosys,2019-12-31,22075.6,89966.08,90065.76,1391.44,3246.69,5414.16,43.16,4134.24,382613.93,61813.22,57164.29,21330.34,5.15
Infosys,2020-03-31,22117.32,93523.28,95278.91,1415.99,3303.98,5424.4,42.59,4142.05,355952.42,64516.8,60473.05,22963.12,5.15
Infosys,2020-06-30,25313.01,95553.68,95379.93,1594.6,3720.72,7026.38,49.13,5851.08,405305.35,68535.13,59332.67,22878.22,4.0
Infosys,2020-09-30,25245.07,97843.55,96064.54,1568.45,3659.73,7007.52,49.53,5835.37,383278.61,69233.52,59758.54,22664.68,4.0
Infosys,2020-12-31,25796.81,103399.52,103216.12,1594.67,3720.89,7160.67,49.51,5962.91,404833.44,72242.96,64207.3,24758.94,4.0
Infosys,2021-03-31,24782.5,107354.89,107199.0,1595.18,3722.09,6879.12,48.14,5728.45,387879.07,74119.22,66684.92,25722.62,4.0
Infosys,2021-06-30,30562.89,111899.34,114022.71,1673.36,3904.51,7912.27,49.16,6001.22,479470.18,69043.86,68561.71,35738.1,4.0
Infosys,2021-09-30,30771.82,111265.77,110418.05,1629.69,3802.61,7966.35,50.07,6042.25,467197.96,69059.21,66394.23,33705.03,4.0
Infosys,2021-12-31,30747.31,116305.31,118217.03,1669.19,3894.78,7960.01,49.33,6037.43,467820.22,72594.65,71083.75,36960.4,4.0
Infosys,2022-03-31,31230.96,117258.55,117790.51,1649.65,3849.18,8085.22,50.45,6132.4,439043.36,73584.32,70827.28,36395.88,4.0
Infosys,2022-06-30,37644.4,116536.53,114416.58,2444.41,5703.62,9010.53,72.04,5762.58,460488.44,66603.6,69428.12,36866.24,6.5
Infosys,2022-09-30,36419.78,123014.34,125412.02,2538.23,5922.53,8717.4,71.88,5575.12,470377.62,71029.06,76100.16,41960.01,6.5
Infosys,2022-12-31,36898.98,124934.26,127282.6,2536.5,5918.49,8832.1,70.66,5648.47,525519.68,72848.59,77235.23,42556.85,6.5
Infosys,2023-03-31,37436.58,124171.47,123748.39,2481.22,5789.51,8960.78,70.91,5730.77,480182.32,73088.12,75090.67,40473.46,6.5
Infosys,2023-06-30,37394.92,129047.19,130662.35,2539.09,5924.54,8863.86,119.21,6134.74,602653.36,80587.8,80193.76,38462.83,6.5
Infosys,2023-09-30,39562.27,131710.05,133127.18,2534.68,5914.26,9377.6,117.76,6490.3,597746.94,82622.26,81706.54,39120.41,6.5
Infosys,2023-12-31,39223.45,132900.57,132637.66,2502.74,5839.72,9297.29,116.31,6434.72,524924.95,83727.91,81406.1,38485.37,6.5
Infosys,2024-03-31,39464.11,134543.6,133083.22,2480.48,5787.79,9354.33,118.0,6474.2,573366.13,85111.04,81679.56,38271.23,6.5
Infosys,2024-06-30,41036.31,136815.69,134700.84,2429.95,5669.88,9878.52,103.41,8986.75,642157.32,85373.72,84285.66,39257.53,6.25
Infosys,2024-09-30,40797.15,142021.95,142136.5,2470.09,5763.54,9820.95,105.13,8934.37,660218.15,89129.58,88938.34,42108.92,6.25
Infosys,2024-12-31,40874.4,147033.6,149248.83,2505.28,5845.66,9839.55,104.25,8951.29,615348.29,92778.44,93388.7,44845.99,6.25
Infosys,2025-03-31,39852.72,149303.32,150827.03,2493.29,5817.67,9593.6,102.04,8727.55,637030.96,94701.71,94376.22,45103.19,6.25
Infosys,2025-06-30,45209.38,147244.94,145103.24,2712.76,6329.77,10699.43,102.81,8600.54,645629.0,82793.88,92271.4,48434.09,6.0
Infosys,2025-09-30,44262.11,150390.48,149742.26,2740.93,6395.51,10475.24,104.37,8420.33,692997.19,85914.68,95221.35,50501.66,6.0
Infosys,2025-12-31,45745.54,152750.18,152835.65,2754.34,6426.79,10826.32,103.37,8702.54,731769.14,88606.85,97188.45,51797.03,6.0
Infosys,2026-03-31,44385.26,156524.33,158793.08,2792.7,6516.3,10504.39,104.51,8443.76,750346.31,92144.51,100976.79,54565.55,6.0
JSW Steel,2014-06-30,12153.09,77942.55,76676.06,11437.29,26687.0,2148.33,868.05,1806.95,65972.78,20007.5,22033.16,21672.5,7.75
JSW Steel,2014-09-30,13305.77,80692.54,80019.43,11529.22,26901.51,2352.1,857.18,1978.33,63025.54,20713.41,22993.89,22799.3,7.75
JSW Steel,2014-12-31,13686.68,83405.98,83299.46,11611.35,27093.15,2419.43,887.52,2034.97,65762.98,21409.94,23936.41,23902.93,7.75
JSW Steel,2015-03-31,14122.55,85610.37,85566.76,11620.28,27113.98,2496.48,861.18,2099.77,65378.81,21975.8,24587.93,24572.41,7.75
JSW Steel,2015-06-30,9611.14,85630.33,86553.25,12797.66,29861.21,1485.65,918.24,1595.53,72843.69,17451.21,18283.47,22149.51,6.75
JSW Steel,2015-09-30,10378.82,82206.98,80663.01,12423.4,28987.94,1604.31,888.39,1722.97,70551.97,17398.72,17039.22,20038.5,6.75
JSW Steel,2015-12-31,10801.4,83225.26,83608.53,12719.51,29678.85,1669.63,900.63,1793.13,78918.95,18282.18,17661.43,21265.27,6.75
JSW Steel,2016-03-31,10912.27,80433.47,78986.45,12433.42,29011.32,1686.77,900.3,1811.53,68543.19,18329.21,16685.06,19637.82,6.75
JSW Steel,2016-06-30,12828.18,84563.43,85710.72,13176.58,30745.35,2839.53,939.67,1819.81,78437.37,20950.49,22932.16,21740.85,6.25
JSW Steel,2016-09-30,13234.7,84063.89,83181.15,12863.69,30015.27,2929.51,940.08,1877.48,76963.49,21005.78,22255.36,20598.2,6.25
JSW Steel,2016-12-31,14792.74,86855.2,87231.53,13056.53,30465.23,3274.39,927.36,2098.5,80034.74,21881.75,23339.05,21925.02,6.25
JSW Steel,2017-03-31,14310.11,89066.15,90140.09,13156.95,30699.56,3167.56,937.47,2030.04,81508.34,22615.44,24117.25,22830.33,6.25
JSW Steel,2017-06-30,16793.52,89967.28,90948.9,11946.84,27875.97,3482.3,911.39,2890.01,88983.21,25898.32,26406.53,24571.31,6.0
JSW Steel,2017-09-30,17811.16,91532.21,93103.43,12020.76,28048.45,3693.32,927.68,3065.14,91218.43,26762.85,27032.09,25309.03,6.0
JSW Steel,2017-12-31,18390.9,92168.24,93373.28,11972.41,27935.63,3813.53,907.45,3164.9,93260.79,27356.65,27110.43,25280.28,6.0
JSW Steel,2018-03-31,19194.25,91400.09,90833.72,11744.67,27404.23,3980.11,915.42,3303.15,85909.12,27524.38,26373.09,24124.9,6.0
JSW Steel,2018-06-30,20033.89,99369.31,101091.2,14465.19,33752.1,4474.46,985.83,3458.78,100136.67,32459.84,33788.94,29210.66,6.25
JSW Steel,2018-09-30,20904.34,102629.01,101880.02,14115.03,32935.07,4668.87,986.24,3609.06,109835.1,32530.15,34052.6,28725.98,6.25
JSW Steel,2018-12-31,22845.64,110133.45,111186.62,14354.77,33494.46,5102.45,994.32,3944.22,100335.9,33953.26,37163.26,31882.53,6.25
JSW Steel,2019-03-31,21957.19,112548.29,110343.62,13940.27,32527.3,4904.01,997.4,3790.83,107636.78,33818.31,36881.49,30727.17,6.25
JSW Steel,2019-06-30,17073.68,121386.7,123766.41,18788.15,43839.01,2750.61,1071.48,2976.94,113017.83,34233.88,38762.68,32355.21,5.15
JSW Steel,2019-09-30,17792.38,123026.36,122744.87,18384.74,42897.72,2866.4,1048.29,3102.25,112070.14,34404.2,38442.74,31399.17,5.15
JSW Steel,2019-12-31,19067.2,129786.34,132047.14,18747.89,43745.07,3071.77,1080.52,3324.53,110665.96,36007.03,41356.14,34445.99,5.15
JSW Steel,2020-03-31,19100.84,129509.5,127239.5,18103.92,42242.48,3077.19,1084.53,3330.39,108925.12,35661.78,39850.42,32051.77,5.15
JSW Steel,2020-06-30,17991.44,133759.13,131889.03,19738.22,46055.86,4547.04,993.02,4243.5,140282.22,41323.95,37867.58,30775.06,4.0
JSW Steel,2020-09-30,19498.02,138077.94,136678.71,19815.24,46235.57,4927.8,989.31,4598.84,129901.79,42606.42,39242.78,32017.13,4.0
JSW Steel,2020-12-31,21161.34,144782.7,146252.93,20221.38,47183.22,5348.18,999.19,4991.16,132134.65,44623.89,41991.7,34962.09,4.0
JSW Steel,2021-03-31,21466.21,148676.12,150204.8,20223.92,47189.16,5425.23,1001.81,5063.07,121228.64,45773.85,43126.35,35911.32,4.0
JSW Steel,2021-06-30,32669.26,160536.74,161586.8,21812.85,50896.65,8730.05,1227.71,5863.33,144092.33,62376.65,61481.69,47142.14,4.0
JSW Steel,2021-09-30,35650.91,174542.69,177304.39,22013.99,51365.98,9526.82,1261.11,6398.46,155738.57,64653.24,67462.03,52204.66,4.0
JSW Steel,2021-12-31,37993.31,182472.31,180805.48,21473.14,50104.0,10152.77,1251.49,6818.87,138933.43,64724.41,68794.15,51927.59,4.0
JSW Steel,2022-03-31,37695.36,195934.51,195385.56,21610.38,50424.23,10073.14,1234.16,6765.39,153909.09,66808.3,74341.68,56473.66,4.0
JSW Steel,2022-06-30,37300.26,200250.14,200502.09,24286.42,56668.31,4151.22,1741.71,5241.95,158155.0,60565.56,75343.39,61017.07,6.5
JSW Steel,2022-09-30,40642.68,204294.15,205079.31,24349.12,56814.62,4523.2,1711.69,5711.67,161976.6,62363.06,77063.39,62571.15,6.5
JSW Steel,2022-12-31,42687.3,207412.19,207799.6,24301.21,56702.81,4750.75,1699.04,5999.01,174250.07,63878.24,78085.61,63276.36,6.5
JSW Steel,2023-03-31,43156.63,211875.18,213219.83,24409.84,56956.29,4802.98,1741.58,6064.97,175013.4,65809.02,80122.39,65217.1,6.5
JSW Steel,2023-06-30,41026.58,216228.45,217586.63,26560.99,61975.65,6600.83,2031.65,2831.44,195041.95,72011.19,74962.55,59801.98,6.5
JSW Steel,2023-09-30,42617.97,214928.93,210723.3,25878.71,60383.66,6856.88,2012.21,2941.27,192934.53,72057.67,72598.0,56427.94,6.5
JSW Steel,2023-12-31,46768.68,224245.53,224934.93,26476.35,61778.14,7524.69,1994.19,3227.73,182297.93,75661.79,77494.17,61624.58,6.5
JSW Steel,2024-03-31,44888.11,225297.19,222726.06,26093.97,60885.94,7222.12,2065.2,3097.94,170658.66,76481.11,76733.17,60138.18,6.5
JSW Steel,2024-06-30,39050.49,226713.88,222473.82,29071.53,67833.58,5256.49,2123.09,4834.12,210572.15,71881.7,73794.0,56472.03,6.25
JSW Steel,2024-09-30,41442.02,231104.08,228076.83,29237.53,68220.91,5578.41,2069.63,5130.18,207590.58,74245.99,75652.51,58224.86,6.25
JSW Steel,2024-12-31,43774.82,240333.84,243398.0,30003.31,70007.73,5892.43,2139.87,5418.96,221245.78,78195.64,80734.5,63763.59,6.25
JSW Steel,2025-03-31,43677.27,239783.62,239124.06,29544.11,68936.26,5879.29,2142.51,5406.88,200347.05,78973.17,79316.85,61685.16,6.25
JSW Steel,2025-06-30,41507.23,249655.6,251573.07,30021.82,70050.92,6567.48,2234.79,5628.89,228451.79,92975.55,111957.65,66096.78,6.0
JSW Steel,2025-09-30,44694.54,252539.05,250042.54,29498.48,68829.78,7071.8,2285.87,6061.13,232856.85,93823.83,111276.51,64549.45,6.0
JSW Steel,2025-12-31,48274.6,265733.87,269142.66,30175.18,70408.75,7638.25,2304.95,6546.63,229166.49,98501.86,119776.65,71074.12,6.0
JSW Steel,2026-03-31,48250.09,272973.75,276311.84,30157.33,70367.09,7634.37,2262.99,6543.3,223677.0,100967.78,122967.15,72924.16,6.0
Kotak Mahindra,2014-06-30,3120.7,139768.4,142250.92,13599.09,31731.2,468.11,1767.77,539.37,108528.82,20494.92,97242.74,21501.51,7.75
Kotak Mahindra,2014-09-30,3322.29,140947.19,140853.64,13352.89,31156.75,498.34,1775.01,574.21,121679.16,20667.77,96287.56,20904.87,7.75
Kotak Mahindra,2014-12-31,3414.43,143512.07,142282.36,13247.27,30910.29,512.16,1732.82,590.14,109530.2,21043.87,97264.23,20949.88,7.75
Kotak Mahindra,2015-03-31,3483.51,148530.96,148597.95,13367.79,31191.5,522.53,1733.6,602.08,114849.24,21779.82,101581.57,22078.85,7.75
Kotak Mahindra,2015-06-30,4867.94,174847.81,178210.06,22089.11,51541.26,730.19,2821.41,1198.97,126884.95,30590.62,124899.65,20939.95,6.75
Kotak Mahindra,2015-09-30,5200.73,195206.45,195780.58,21736.1,50717.57,780.11,2810.17,1280.94,138186.73,30915.31,137214.05,22636.88,6.75
Kotak Mahindra,2015-12-31,5109.01,220801.57,223927.78,21979.21,51284.82,766.35,2737.29,1258.35,127535.4,32083.74,156941.2,26180.94,6.75
Kotak Mahindra,2016-03-31,5362.88,236589.52,232448.8,21293.06,49683.8,804.43,2824.47,1320.87,136691.08,31879.12,162913.21,26328.77,6.75
Kotak Mahindra,2016-06-30,5285.51,250914.15,252184.71,24982.79,58293.17,792.83,2865.7,3130.49,154084.51,34930.08,188066.56,29793.6,6.25
Kotak Mahindra,2016-09-30,5419.97,260437.02,262392.61,25043.57,58434.99,813.0,2861.85,3210.13,149383.87,35961.42,195679.1,31075.0,6.25
Kotak Mahindra,2016-12-31,5758.38,265196.8,263068.81,24657.46,57534.08,863.76,2822.61,3410.56,140983.3,36338.75,196183.38,30674.75,6.25
Kotak Mahindra,2017-03-31,5853.43,272992.01,269833.0,24569.28,57328.32,878.01,2839.15,3466.86,154801.47,37137.22,201227.76,31350.96,6.25
Kotak Mahindra,2017-06-30,5792.73,293633.24,295710.06,30609.78,71422.82,868.91,3178.81,-2395.37,170043.74,46143.95,213824.15,32972.27,6.0
Kotak Mahindra,2017-09-30,6205.33,309874.6,312822.99,30684.0,71596.0,930.8,3056.2,-2565.99,170190.44,47506.0,226198.29,34964.98,6.0
Kotak Mahindra,2017-12-31,6500.87,325604.57,328905.26,30702.92,71640.14,975.13,3072.22,-2688.2,168504.55,48786.21,237827.17,36785.19,6.0
Kotak Mahindra,2018-03-31,6532.79,342392.98,347130.63,30815.37,71902.53,979.92,3149.93,-2701.39,164489.79,50220.41,251005.7,38965.74,6.0
Kotak Mahindra,2018-06-30,6909.98,346134.65,340287.05,34964.55,81583.94,1036.5,3794.87,422.04,178263.02,51676.94,248850.58,38625.41,6.25
Kotak Mahindra,2018-09-30,7416.18,364229.54,362026.98,35350.32,82484.08,1112.43,3730.84,452.96,169677.95,53659.19,264748.91,41546.46,6.25
Kotak Mahindra,2018-12-31,7747.59,374293.63,367890.46,34956.96,81566.24,1162.14,3864.74,473.2,194115.43,54458.47,269036.85,41749.56,6.25
Kotak Mahindra,2019-03-31,7691.89,388482.53,381907.26,34963.43,81581.33,1153.78,3766.31,469.8,180957.76,55865.17,279287.28,43348.26,6.25
Kotak Mahindra,2019-06-30,8090.56,399846.09,392652.48,39167.99,91391.98,1213.58,4008.18,11267.67,188804.05,59660.98,291761.58,43554.47,5.15
Kotak Mahindra,2019-09-30,8319.73,414684.92,410245.87,39458.61,92070.09,1247.96,3942.7,11586.83,195551.65,61728.07,304834.4,45843.64,5.15
Kotak Mahindra,2019-12-31,8691.3,429535.82,427905.34,39734.17,92713.06,1303.69,4043.5,12104.31,215820.35,63794.92,317956.32,48150.96,5.15
Kotak Mahindra,2020-03-31,8527.24,438316.34,433512.9,39448.47,92046.43,1279.09,3971.5,11875.82,207207.3,64960.22,322123.03,48431.2,5.15
Kotak Mahindra,2020-06-30,8018.76,449522.0,446965.37,42851.75,99987.42,1202.81,3255.17,1192.55,232338.78,76658.42,298087.99,62558.42,4.0
Kotak Mahindra,2020-09-30,8019.36,461070.37,461127.25,43102.18,100571.74,1202.9,3292.15,1192.64,225131.36,79190.37,307532.76,64917.73,4.0
Kotak Mahindra,2020-12-31,8412.22,461884.27,453972.67,42358.66,98836.86,1261.83,3257.93,1251.07,233602.54,79872.33,302761.26,62808.04,4.0
Kotak Mahindra,2021-03-31,8320.29,485031.88,491289.47,43652.87,101856.7,1248.04,3269.49,1237.4,238009.09,84423.31,327648.4,70047.66,4.0
Kotak Mahindra,2021-06-30,8038.49,488683.02,481702.2,48482.22,113125.17,1205.77,2890.58,2005.57,265406.43,87233.34,334279.63,73067.11,4.0
Kotak Mahindra,2021-09-30,8319.31,508252.1,503866.37,48760.4,113774.27,1247.9,2887.87,2075.64,239313.87,90105.06,349660.57,76867.63,4.0
Kotak Mahindra,2021-12-31,8670.58,534854.17,540173.73,49674.0,115906.01,1300.59,2836.76,2163.28,246787.91,94208.93,374856.24,83950.53,4.0
Kotak Mahindra,2022-03-31,8427.48,536592.22,526865.99,48293.3,112684.37,1264.12,2889.54,2102.62,245103.34,93938.84,365621.27,79606.38,4.0
Kotak Mahindra,2022-06-30,10135.18,572649.79,580422.68,56596.63,132058.8,1520.28,3539.73,-298.64,262109.14,103900.84,394803.99,85158.25,6.5
Kotak Mahindra,2022-09-30,10377.68,579176.01,574919.53,55428.33,129332.77,1556.65,3637.47,-305.78,266576.73,104506.23,391060.74,82609.62,6.5
Kotak Mahindra,2022-12-31,10658.37,610198.78,618563.67,56604.16,132076.38,1598.76,3569.66,-314.05,276209.36,109531.68,420747.52,90766.28,6.5
Kotak Mahindra,2023-03-31,11042.04,618787.53,617149.42,55690.88,129945.38,1656.31,3659.22,-325.36,303386.62,110527.62,419785.54,89097.63,6.5
Kotak Mahindra,2023-06-30,13257.97,646441.85,635821.83,67954.99,158561.64,1988.7,5746.48,3697.77,328419.35,117344.66,428795.24,95575.0,6.5
Kotak Mahindra,2023-09-30,14054.03,697732.84,701436.74,69456.79,162065.85,2108.1,5616.4,3919.79,329278.42,123179.54,473045.62,107768.23,6.5
Kotak Mahindra,2023-12-31,13913.98,737086.0,743367.33,69678.8,162583.88,2087.1,5566.59,3880.73,327366.6,126825.2,501323.42,114575.47,6.5
Kotak Mahindra,2024-03-31,14885.96,781508.73,795600.05,70335.79,164116.83,2232.89,5700.66,4151.83,329211.25,131303.59,536548.91,123782.33,6.5
Kotak Mahindra,2024-06-30,15407.41,804663.57,813734.51,80072.25,186835.25,2311.11,6957.17,3968.87,365379.96,146389.72,547340.96,121555.05,6.25
Kotak Mahindra,2024-09-30,15972.2,838771.51,854097.54,80626.43,188128.34,2395.83,7029.18,4114.36,357165.78,151386.75,574490.28,128467.46,6.25
Kotak Mahindra,2024-12-31,16678.01,841828.92,832026.08,78257.64,182601.15,2501.7,7056.79,4296.17,349640.41,150805.85,559644.39,121470.8,6.25
Kotak Mahindra,2025-03-31,16777.68,889189.96,898706.7,80027.1,186729.89,2516.65,6942.18,4321.85,352371.68,158169.92,604495.67,134172.43,6.25
Kotak Mahindra,2025-06-30,16893.36,900177.63,889807.37,89261.47,208276.77,2534.0,7508.77,10101.73,410070.62,164689.77,629534.06,140176.36,6.0
Kotak Mahindra,2025-09-30,17416.24,930857.57,920273.37,89275.01,208308.35,2612.44,7517.6,10414.4,411380.04,169166.49,651088.6,144997.82,6.0
Kotak Mahindra,2025-12-31,17909.2,958322.63,944392.49,88989.15,207641.34,2686.38,7344.37,10709.18,409704.94,173062.32,668152.75,148321.57,6.0
Kotak Mahindra,2026-03-31,18225.84,1009165.73,1015012.13,90824.92,211924.8,2733.88,7350.39,10898.52,393288.38,181161.48,718115.78,162701.28,6.0
LIC,2018-06-30,139485.46,3108601.47,3048194.71,79249.79,184916.17,1444.87,0.01,3239.73,260884.57,643.99,445641.79,2753307.07,6.25
LIC,2018-09-30,142447.89,3286252.3,3316901.25,81574.06,190339.48,1475.55,0.01,3308.53,292923.47,680.79,484926.31,3083887.1,6.25
LIC,2018-12-31,143876.52,3346021.89,3350481.94,80928.03,188832.07,1490.35,0.01,3341.72,267312.13,693.17,489835.76,3090438.28,6.25
LIC,2019-03-31,144242.08,3475685.24,3524806.01,81962.51,191245.85,1494.14,0.01,3350.21,271337.14,720.03,515321.7,3292791.94,6.25
LIC,2019-06-30,150084.22,3451429.8,3457474.92,76157.36,177700.5,-1660.13,0.01,12992.15,313461.35,835.81,488795.55,3211754.65,5.15
LIC,2019-09-30,157153.63,3478966.96,3494461.12,76362.79,178179.83,-1738.33,0.01,13604.12,297703.27,860.72,494024.42,3254868.51,5.15
LIC,2019-12-31,162766.09,3465604.55,3449595.65,75673.02,176570.37,-1800.41,0.01,14089.97,296535.28,875.39,487681.63,3184056.07,5.15
LIC,2020-03-31,161059.38,3497618.33,3495404.06,75976.07,177277.5,-1781.53,0.01,13942.22,318278.53,901.43,494157.72,3239259.08,5.15
LIC,2020-06-30,164845.15,3626673.43,3671641.1,1.21,2.83,-60.12,0.01,19230.83,326199.97,6353.01,282078.45,3710481.39,4.0
LIC,2020-09-30,169872.09,3629622.57,3594901.49,1.19,2.77,-61.96,0.01,19817.27,313714.62,6383.15,276182.83,3554109.34,4.0
LIC,2020-12-31,177750.72,3738935.49,3730787.27,1.2,2.79,-64.83,0.01,20736.39,365893.28,6599.99,286622.43,3715962.01,4.0
LIC,2021-03-31,178670.38,3774294.64,3719861.8,1.18,2.76,-65.17,0.01,20843.68,344226.0,6686.16,285783.06,3659620.68,4.0
LIC,2021-06-30,175650.8,3969978.67,4004599.13,0.3,0.71,807.37,0.01,-918.3,373504.26,4676.53,291706.69,4028754.34,4.0
LIC,2021-09-30,176477.91,4024731.31,4007743.63,0.3,0.7,811.17,0.01,-922.62,403705.09,4741.3,291935.74,3980190.27,4.0
LIC,2021-12-31,181685.26,4223937.39,4301343.26,0.31,0.71,835.1,0.01,-949.85,365913.92,4976.25,313322.4,4368492.5,4.0
LIC,2022-03-31,184629.81,4333459.52,4414343.06,0.31,0.71,848.64,0.01,-965.24,377860.08,5105.55,321553.63,4484750.43,4.0
LIC,2022-06-30,184347.73,4367726.68,4400531.66,0.0,0.0,8018.82,0.01,12809.2,411589.46,37192.16,302446.92,4388813.3,6.5
LIC,2022-09-30,198940.15,4336656.93,4258474.72,0.0,0.0,8653.56,0.01,13823.13,419298.08,37229.1,292683.4,4139475.73,6.5
LIC,2022-12-31,198321.11,4495767.25,4494152.33,0.0,0.0,8626.64,0.01,13780.12,414818.71,38896.32,308881.43,4447172.93,6.5
LIC,2023-03-31,198311.11,4665464.8,4754090.76,0.0,0.0,8626.2,0.01,13779.43,420994.45,40666.1,326746.91,4795482.17,6.5
LIC,2023-06-30,200250.44,4854963.76,4948827.84,0.0,0.0,7728.89,0.01,6284.23,458540.91,72057.05,296819.06,4965986.31,6.5
LIC,2023-09-30,213791.88,4968507.51,4989837.2,0.0,0.0,8251.54,0.01,6709.19,446829.97,72912.57,299278.7,4933255.64,6.5
LIC,2023-12-31,218010.64,5151392.85,5171203.59,0.0,0.0,8414.36,0.01,6841.58,496651.62,74798.0,310156.63,5110288.53,6.5
LIC,2024-03-31,214058.57,5216180.55,5118190.18,0.0,0.0,8261.83,0.01,6717.56,504628.54,74986.35,306977.01,4943869.99,6.5
LIC,2024-06-30,210864.77,5323041.44,5245064.87,0.0,0.0,12623.41,0.01,-2166.77,574569.19,110195.19,315490.5,5052070.27,6.25
LIC,2024-09-30,216787.78,5454899.59,5421695.04,0.0,0.0,12977.99,0.01,-2227.63,546020.13,114156.81,326114.8,5267577.23,6.25
LIC,2024-12-31,227552.39,5527551.82,5481060.24,0.0,0.0,13622.41,0.01,-2338.24,513321.58,116887.01,329685.61,5312804.43,6.25
LIC,2025-03-31,225228.48,5706765.36,5753339.74,0.0,0.0,13483.29,0.01,-2314.36,511495.97,121887.7,346063.22,5669927.77,6.25
LIC,2025-06-30,230363.25,5841817.72,5953152.61,0.31,0.71,11229.65,0.01,-6175.32,643647.97,160510.85,363724.84,5886498.47,6.0
LIC,2025-09-30,248844.99,5704267.83,5605706.6,0.29,0.69,12130.59,0.01,-6670.75,582422.8,158970.92,342496.64,5345296.79,6.0
LIC,2025-12-31,245843.13,5941842.38,6007851.0,0.3,0.71,11984.25,0.01,-6590.28,634399.0,167867.37,367066.8,5894245.02,6.0
LIC,2026-03-31,256986.01,5993106.96,6037991.58,0.3,0.71,12527.44,0.01,-6888.99,582032.08,171555.29,368908.32,5902608.56,6.0
Larsen & Toubro,2014-06-30,21201.64,177283.04,175807.41,27855.2,64995.47,3617.21,1795.0,-314.81,149455.58,37355.24,121825.13,52977.27,7.75
Larsen & Toubro,2014-09-30,22499.09,187034.39,190530.22,28614.01,66766.02,3838.57,1795.87,-334.08,148685.52,39409.94,132027.25,58977.81,7.75
Larsen & Toubro,2014-12-31,24793.24,188246.67,188059.18,28061.02,65475.72,4229.97,1811.2,-368.14,152890.26,39665.38,130314.95,57087.91,7.75
Larsen & Toubro,2015-03-31,24167.63,191350.14,189453.27,27810.55,64891.29,4123.24,1831.56,-358.85,142512.86,40319.31,131280.98,56997.76,7.75
Larsen & Toubro,2015-06-30,22732.59,189610.11,185825.06,25912.69,60462.94,3481.31,1704.47,-728.36,149119.07,39882.1,146938.81,57963.48,6.75
Larsen & Toubro,2015-09-30,25484.37,194943.69,196217.15,26613.22,62097.51,3902.72,1706.97,-816.53,169721.1,42067.32,155156.22,62859.67,6.75
Larsen & Toubro,2015-12-31,26625.21,195653.88,197439.16,26681.76,62257.44,4077.43,1700.82,-853.09,163568.88,43285.54,156122.51,63414.05,6.75
Larsen & Toubro,2016-03-31,26912.83,197781.91,201543.02,26943.3,62867.71,4121.48,1743.36,-862.3,162881.45,44830.61,159367.59,65366.66,6.75
Larsen & Toubro,2016-06-30,24902.87,195035.09,191668.32,27699.64,64632.49,3786.28,1717.39,1516.11,191769.45,45478.89,146618.28,60005.59,6.25
Larsen & Toubro,2016-09-30,26169.83,205392.72,207986.79,28542.19,66598.44,3978.91,1695.49,1593.24,183112.36,48128.78,159101.23,67095.01,6.25
Larsen & Toubro,2016-12-31,28511.28,210139.5,213119.68,28585.93,66700.51,4334.91,1705.44,1735.79,175689.33,49471.03,163027.68,68856.22,6.25
Larsen & Toubro,2017-03-31,29330.81,213913.5,216281.94,28498.28,66495.98,4459.51,1679.12,1785.68,190331.35,50583.93,165446.67,69663.62,6.25
Larsen & Toubro,2017-06-30,27001.57,216551.5,213654.03,31825.6,74259.73,4537.22,1923.13,-2263.08,208617.13,49850.23,172076.52,70032.86,6.0
Larsen & Toubro,2017-09-30,29384.52,224644.68,221917.38,31865.58,74353.02,4937.64,1938.94,-2462.81,192627.93,51261.86,178731.8,72832.86,6.0
Larsen & Toubro,2017-12-31,30552.51,235885.12,236448.84,32334.29,75446.67,5133.91,1914.77,-2560.7,213506.73,53384.7,190435.41,78743.49,6.0
Larsen & Toubro,2018-03-31,31731.45,247648.68,252137.26,32841.86,76631.0,5332.01,1923.52,-2659.51,209025.57,55613.03,203070.84,85286.23,6.0
Larsen & Toubro,2018-06-30,31903.3,249509.34,247103.12,37303.25,87040.92,5394.92,2337.33,-1122.11,209992.33,56883.04,197315.62,79308.97,6.25
Larsen & Toubro,2018-09-30,33578.3,258581.83,256541.88,37369.35,87195.15,5678.16,2299.38,-1181.03,227349.66,58523.93,204852.61,82484.29,6.25
Larsen & Toubro,2018-12-31,35632.44,265741.41,262193.82,37163.66,86715.21,6025.52,2344.14,-1253.28,221822.55,59733.43,209365.77,83837.5,6.25
Larsen & Toubro,2019-03-31,35744.84,280567.59,283122.22,38009.46,88688.75,6044.53,2378.63,-1257.23,241467.77,62659.38,226077.43,92589.79,6.25
Larsen & Toubro,2019-06-30,33980.28,281685.37,278215.27,42423.07,98987.16,5736.04,2765.36,1563.84,260071.41,60701.73,217424.42,86722.69,5.15
Larsen & Toubro,2019-09-30,35899.54,292242.05,292122.65,42934.65,100180.85,6060.02,2766.54,1652.17,254477.03,63094.11,228293.0,92155.84,5.15
Larsen & Toubro,2019-12-31,37801.88,295900.68,292320.94,42432.57,99009.34,6381.14,2757.38,1739.72,265684.43,63997.25,228447.97,91140.0,5.15
Larsen & Toubro,2020-03-31,37461.31,305904.9,305124.79,42842.67,99966.22,6323.65,2709.51,1724.05,259731.84,66272.56,238454.14,96051.4,5.15
Larsen & Toubro,2020-06-30,31158.29,308254.6,308971.86,40482.68,94459.58,5375.64,2911.27,5287.19,276768.23,70081.59,224831.72,99467.17,4.0
Larsen & Toubro,2020-09-30,34180.11,308420.26,308449.52,40392.53,94249.24,5896.98,2987.16,5799.95,275900.37,71815.41,224451.62,99077.9,4.0
Larsen & Toubro,2020-12-31,36202.35,308930.9,308619.11,40347.94,94145.19,6245.87,2883.06,6143.1,276283.47,73623.92,224575.03,99022.93,4.0
Larsen & Toubro,2021-03-31,36595.14,310750.11,311406.59,40474.02,94439.39,6313.64,2880.16,6209.75,294638.15,75747.69,226603.42,100229.56,4.0
Larsen & Toubro,2021-06-30,35967.47,318230.77,324244.84,38363.97,89515.94,5587.19,2270.46,4403.76,318674.72,77403.14,239287.95,115063.12,4.0
Larsen & Toubro,2021-09-30,38610.37,314353.87,314146.37,37627.55,87797.61,5997.74,2284.43,4727.35,314156.9,77969.15,231835.43,109339.59,4.0
Larsen & Toubro,2021-12-31,40038.79,321071.13,325405.24,38160.67,89041.55,6219.63,2272.38,4902.24,304531.11,81154.73,240144.31,114862.96,4.0
Larsen & Toubro,2022-03-31,40334.77,322457.51,325923.9,38057.16,88800.04,6265.61,2309.2,4938.48,295487.77,83009.86,240527.07,114733.98,4.0
Larsen & Toubro,2022-06-30,42362.76,315736.65,309882.4,35523.89,82889.07,6276.97,2325.28,5262.85,330422.28,80839.42,224823.15,110453.2,6.5
Larsen & Toubro,2022-09-30,45819.15,318473.34,312679.05,35536.47,82918.43,6789.12,2325.17,5692.25,352353.99,83053.67,226852.15,111489.5,6.5
Larsen & Toubro,2022-12-31,49120.34,326024.35,325003.41,36081.66,84190.53,7278.26,2338.81,6102.37,329692.2,86547.0,235793.61,117661.74,6.5
Larsen & Toubro,2023-03-31,47979.97,330657.18,331595.02,36297.66,84694.54,7109.29,2368.58,5960.7,346348.09,89297.56,240575.9,120766.78,6.5
Larsen & Toubro,2023-06-30,50293.12,330422.06,328661.55,34710.67,80991.56,6541.13,2340.58,4154.68,373054.51,79203.44,239958.29,131804.0,6.5
Larsen & Toubro,2023-09-30,55039.22,340954.64,347365.61,35552.76,82956.44,7158.41,2422.35,4546.75,421879.53,83317.5,253614.27,142684.51,6.5
Larsen & Toubro,2023-12-31,58393.17,334235.44,331363.77,34596.78,80725.81,7594.63,2397.11,4823.82,406936.89,83210.78,241931.2,132451.65,6.5
Larsen & Toubro,2024-03-31,57887.71,343103.66,346641.42,35256.42,82264.98,7528.89,2376.29,4782.07,384688.67,86971.62,253085.53,141200.22,6.5
Larsen & Toubro,2024-06-30,58176.66,343276.37,337182.86,39017.58,91041.02,7831.76,2523.4,2081.75,445402.45,88478.46,246954.42,130211.47,6.25
Larsen & Toubro,2024-09-30,64206.67,360025.07,360693.38,39796.44,92858.35,8643.52,2492.2,2297.52,428553.16,92683.68,264173.64,142071.1,6.25
Larsen & Toubro,2024-12-31,66498.92,370110.62,370987.31,39816.79,92905.85,8952.11,2516.19,2379.55,447481.59,95171.38,271712.97,146200.45,6.25
Larsen & Toubro,2025-03-31,65517.36,386145.58,393307.58,40459.45,94405.39,8819.97,2433.22,2344.43,437641.87,99187.17,288060.45,157498.25,6.25
Larsen & Toubro,2025-06-30,66158.2,400342.26,403274.6,37924.86,88491.35,8194.97,2471.74,3874.27,534605.34,101577.48,311852.45,195395.67,6.0
Larsen & Toubro,2025-09-30,70357.1,417107.52,418470.99,37772.17,88135.06,8715.08,2476.4,4120.17,521307.78,103902.79,323603.83,201942.31,6.0
Larsen & Toubro,2025-12-31,74620.56,436647.28,439244.16,37873.01,88370.36,9243.19,2552.2,4369.84,531939.91,106921.76,339667.73,212532.75,6.0
Larsen & Toubro,2026-03-31,75598.01,448939.31,445521.84,37362.5,87179.17,9364.27,2476.92,4427.08,476143.6,108185.14,344522.26,212664.49,6.0
Maruti Suzuki,2014-06-30,11598.75,32475.57,33070.61,203.46,474.74,1573.56,53.85,1472.42,112560.75,22764.07,6522.61,9271.63,7.75
Maruti Suzuki,2014-09-30,11939.95,32498.47,32245.76,198.25,462.57,1619.85,53.73,1515.73,121920.24,22780.13,6359.93,8808.68,7.75
Maruti Suzuki,2014-12-31,14124.74,33545.98,33477.02,199.39,465.24,1916.26,54.21,1793.08,119076.21,23514.39,6602.77,9197.75,7.75
Maruti Suzuki,2015-03-31,13904.15,34327.41,34178.46,198.93,464.18,1886.33,54.7,1765.08,113382.82,24062.14,6741.12,9368.98,7.75
Maruti Suzuki,2015-06-30,13109.61,36714.04,36889.66,69.63,162.47,2054.23,20.09,1930.85,125811.54,28314.93,7350.13,10305.4,6.75
Maruti Suzuki,2015-09-30,13918.82,38737.69,38874.36,69.54,162.27,2181.03,20.17,2050.03,128397.22,29043.86,7745.57,10846.27,6.75
Maruti Suzuki,2015-12-31,15681.81,40793.85,40924.36,69.52,162.22,2457.29,20.14,2309.7,130056.26,29798.41,8154.03,11414.5,6.75
Maruti Suzuki,2016-03-31,15461.13,43027.59,43331.31,69.79,162.84,2422.71,20.58,2277.19,135073.99,30680.04,8633.61,12132.33,6.75
Maruti Suzuki,2016-06-30,15107.56,45031.36,45028.22,145.19,338.78,2312.34,22.54,2281.5,134482.92,34152.32,7146.8,12479.81,6.25
Maruti Suzuki,2016-09-30,15741.89,47882.52,48428.18,146.85,342.66,2409.43,22.1,2377.29,149037.09,35477.54,7686.44,13576.04,6.25
Maruti Suzuki,2016-12-31,18701.29,49532.73,49414.25,144.85,337.99,2862.39,22.27,2824.21,136107.55,35914.78,7842.94,13663.62,6.25
Maruti Suzuki,2017-03-31,18024.99,51104.95,50263.97,142.81,333.22,2758.88,22.19,2722.08,137796.0,36316.38,7977.81,13702.64,6.25
Maruti Suzuki,2017-06-30,18062.86,55109.07,56207.61,37.02,86.39,2742.62,87.32,2667.93,172748.63,40009.36,8026.99,16716.56,6.0
Maruti Suzuki,2017-09-30,19116.77,56409.6,56716.87,36.5,85.16,2902.64,86.23,2823.6,168936.96,40507.05,8099.72,16628.43,6.0
Maruti Suzuki,2017-12-31,21054.97,58966.73,59768.21,36.79,85.85,3196.93,86.19,3109.88,158550.54,41909.8,8535.48,17664.98,6.0
Maruti Suzuki,2018-03-31,21440.97,59487.61,58736.82,35.84,83.63,3255.54,86.8,3166.89,157992.28,41872.77,8388.19,16911.19,6.0
Maruti Suzuki,2018-06-30,19173.02,60013.89,58871.68,47.09,109.87,2462.9,18.64,1470.48,190542.43,42594.03,8670.3,15092.11,6.25
Maruti Suzuki,2018-09-30,20162.83,61608.47,61112.46,47.61,111.1,2590.05,19.01,1546.39,193697.5,44234.93,9000.3,15841.92,6.25
Maruti Suzuki,2018-12-31,22902.75,63978.61,64932.48,48.72,113.67,2942.01,18.95,1756.53,190838.78,46449.83,9562.9,17221.78,6.25
Maruti Suzuki,2019-03-31,22589.57,63862.01,63755.2,47.92,111.81,2901.78,19.23,1732.51,180446.63,46862.49,9389.51,16633.26,6.25
Maruti Suzuki,2019-06-30,16649.13,64466.21,65053.99,55.7,129.97,1618.48,32.94,769.3,202537.7,45982.81,9181.25,14476.25,5.15
Maruti Suzuki,2019-09-30,17901.17,64476.07,65160.84,55.79,130.17,1740.19,33.81,827.15,191592.75,47295.93,9196.33,14521.62,5.15
Maruti Suzuki,2019-12-31,20563.3,64353.89,65000.97,55.76,130.1,1998.98,33.01,950.16,207741.62,48513.4,9173.77,14477.89,5.15
Maruti Suzuki,2020-03-31,20793.54,62500.65,61393.28,54.22,126.52,2021.36,32.92,960.8,195590.0,48389.19,8664.61,13298.34,5.15
Maruti Suzuki,2020-06-30,15607.32,66630.44,67713.2,164.94,384.85,1200.07,25.24,1964.11,217875.43,49210.64,11332.97,17676.76,4.0
Maruti Suzuki,2020-09-30,16484.66,67366.29,67230.86,161.97,377.94,1267.53,25.76,2074.52,237019.57,49632.52,11252.24,17235.48,4.0
Maruti Suzuki,2020-12-31,18504.95,68143.58,66872.33,159.27,371.64,1422.87,25.49,2328.76,211088.35,50089.05,11192.23,16857.64,4.0
Maruti Suzuki,2021-03-31,19283.57,71468.56,71561.24,162.51,379.19,1482.74,25.13,2426.75,223742.15,52417.89,11977.0,18406.42,4.0
Maruti Suzuki,2021-06-30,19692.21,70815.1,69460.62,125.36,292.5,1282.35,32.26,410.21,260869.07,50067.04,14827.93,17244.74,4.0
Maruti Suzuki,2021-09-30,21561.65,74291.8,75589.89,130.03,303.41,1404.08,31.83,449.15,235996.15,53338.88,16136.36,19466.67,4.0
Maruti Suzuki,2021-12-31,23732.9,74517.72,75205.73,128.98,300.95,1545.47,31.45,494.38,273783.1,54299.2,16054.35,19210.89,4.0
Maruti Suzuki,2022-03-31,23283.11,73754.45,72863.78,126.26,294.6,1516.18,31.95,485.01,256864.42,54515.62,15554.41,18219.66,4.0
Maruti Suzuki,2022-06-30,26396.23,77476.13,77812.46,375.72,876.69,2476.15,47.63,2076.97,277856.52,57264.52,13500.85,19915.16,6.5
Maruti Suzuki,2022-09-30,27276.57,78751.62,77886.35,369.99,863.31,2558.74,46.1,2146.24,273367.65,57914.6,13513.67,19629.84,6.5
Maruti Suzuki,2022-12-31,32411.97,82188.58,82265.48,374.45,873.72,3040.47,46.86,2550.32,267163.31,60155.23,14273.47,20983.47,6.5
Maruti Suzuki,2023-03-31,32129.83,83134.04,81696.38,367.63,857.8,3014.01,47.17,2528.12,294179.81,60574.04,14174.73,20458.81,6.5
Maruti Suzuki,2023-06-30,32001.43,92119.84,91966.19,35.64,83.16,4201.8,47.69,3790.1,318096.75,78936.19,17872.57,23529.69,6.5
Maruti Suzuki,2023-09-30,33015.65,101349.71,102768.5,36.2,84.47,4334.96,49.36,3910.22,327501.14,82341.84,19971.87,26706.11,6.5
Maruti Suzuki,2023-12-31,38215.01,108277.2,108931.08,35.92,83.8,5017.64,48.33,4526.01,321195.5,83845.32,21169.5,28085.34,6.5
Maruti Suzuki,2024-03-31,36950.39,116717.18,118147.69,36.14,84.32,4851.6,48.52,4376.23,316797.95,86526.64,22960.64,30649.88,6.5
Maruti Suzuki,2024-06-30,33480.52,118043.62,116633.53,25.79,60.17,4428.07,49.06,3533.0,343349.76,87815.1,21912.48,31125.21,6.25
Maruti Suzuki,2024-09-30,35586.23,124907.26,126190.07,26.37,61.53,4706.57,48.17,3755.2,358250.62,92216.29,23707.91,34432.66,6.25
Maruti Suzuki,2024-12-31,40555.44,129744.74,131714.69,26.5,61.82,5363.79,49.23,4279.58,378318.77,95103.31,24745.85,36114.91,6.25
Maruti Suzuki,2025-03-31,40263.17,134531.18,137141.03,26.61,62.08,5325.13,48.41,4248.73,372686.43,97946.97,25765.32,37758.94,6.25
Maruti Suzuki,2025-06-30,40075.95,136002.0,135805.78,30.56,71.3,4690.64,58.71,4175.58,426190.09,98831.28,25249.96,37911.84,6.0
Maruti Suzuki,2025-09-30,43638.65,138209.93,136028.83,30.12,70.27,5107.63,59.74,4546.78,410033.93,100044.92,25291.43,37428.84,6.0
Maruti Suzuki,2025-12-31,50451.88,146248.23,147860.54,30.94,72.19,5905.08,59.46,5256.67,429726.51,105474.14,27491.27,41792.43,6.0
Maruti Suzuki,2026-03-31,48165.45,147613.36,146356.5,30.34,70.79,5637.47,59.81,5018.44,418742.68,106087.96,27211.63,40567.86,6.0
NTPC,2014-06-30,17933.34,200026.44,196869.89,30191.52,70446.88,3891.83,901.0,3339.41,101994.48,67232.34,52331.2,31189.14,7.75
NTPC,2014-09-30,19641.59,209876.68,211033.31,30844.65,71970.86,4262.55,907.48,3657.51,105769.29,70543.18,56096.06,34156.23,7.75
NTPC,2014-12-31,20411.41,215841.36,217475.8,30907.89,72118.41,4429.62,917.18,3800.86,96629.19,72548.01,57808.58,35271.13,7.75
NTPC,2015-03-31,20746.63,223209.25,226762.16,31163.88,72715.71,4502.36,921.42,3863.28,105606.0,75024.48,60277.05,37081.83,7.75
NTPC,2015-06-30,16965.28,219755.55,218567.31,29665.92,69220.48,4291.94,849.25,5576.43,115232.31,76663.47,48854.05,32575.17,6.75
NTPC,2015-09-30,17945.53,223981.46,225788.88,30067.89,70158.41,4539.93,831.06,5898.63,113708.72,79802.31,50468.21,34107.44,6.75
NTPC,2015-12-31,19103.02,219145.3,214945.9,29255.63,68263.14,4832.75,855.35,6279.09,109368.93,79689.85,48044.59,31592.37,6.75
NTPC,2016-03-31,18754.21,226481.26,228312.2,30068.33,70159.44,4744.51,850.47,6164.44,109649.83,84003.66,51032.22,34489.12,6.75
NTPC,2016-06-30,19068.54,233013.19,235401.61,34481.76,80457.43,5019.9,934.34,4687.3,125288.29,83722.99,46928.63,35385.05,6.25
NTPC,2016-09-30,19994.5,234274.99,231940.48,33791.78,78847.49,5263.66,954.57,4914.91,118548.76,84265.21,46238.63,34167.14,6.25
NTPC,2016-12-31,21645.27,241431.47,240251.73,33965.12,79251.94,5698.23,955.86,5320.69,117369.21,86926.33,47895.53,35573.01,6.25
NTPC,2017-03-31,21328.38,245239.15,241922.76,33670.33,78564.11,5614.81,938.47,5242.8,129406.25,88381.43,48228.66,35509.55,6.25
NTPC,2017-06-30,20864.13,255579.93,254094.79,38787.99,90505.31,5326.0,1109.6,4659.21,139113.31,87656.81,55754.02,43710.91,6.0
NTPC,2017-09-30,21082.02,264641.79,263740.16,38881.78,90724.15,5381.62,1128.79,4707.87,138809.56,90243.59,57870.43,45479.86,6.0
NTPC,2017-12-31,23343.33,275644.0,277278.39,39246.03,91574.07,5958.87,1109.17,5212.85,131440.16,93486.09,60841.02,48262.36,6.0
NTPC,2018-03-31,23557.02,284173.0,285864.01,39246.86,91576.01,6013.41,1131.34,5260.57,151640.26,95885.2,62724.89,49757.8,6.0
NTPC,2018-06-30,22583.61,299815.73,301036.66,52128.82,121633.92,5114.06,1399.98,4207.9,160392.74,94234.54,60228.5,54462.03,6.25
NTPC,2018-09-30,24425.05,310009.85,305382.32,51142.43,119332.33,5531.05,1392.17,4551.0,155579.89,94950.1,61097.94,54202.8,6.25
NTPC,2018-12-31,25792.5,326962.32,323154.27,51312.73,119729.7,5840.71,1414.39,4805.79,147140.0,97773.29,64653.58,57548.17,6.25
NTPC,2019-03-31,26408.05,352084.01,357321.79,52689.75,122942.75,5980.11,1406.59,4920.49,160272.29,102971.4,71489.49,65340.46,6.25
NTPC,2019-06-30,24943.3,355181.33,355753.58,60285.97,140667.27,7197.43,2072.06,5601.67,165384.51,100936.49,77291.21,54912.69,5.15
NTPC,2019-09-30,26924.64,360794.38,359297.98,59939.37,139858.52,7769.15,2080.66,6046.63,171542.38,103068.49,78061.27,55140.93,5.15
NTPC,2019-12-31,28119.62,368989.06,367996.8,60027.14,140063.33,8113.96,2018.71,6315.0,180035.46,105935.73,79951.18,56558.63,5.15
NTPC,2020-03-31,28011.26,381525.26,385418.86,60803.25,141874.25,8082.69,2083.25,6290.66,179778.53,110056.82,83736.3,60002.16,5.15
NTPC,2020-06-30,26157.64,382404.15,382049.87,63003.98,147009.28,7984.42,2267.28,7609.17,202733.23,107239.41,83202.6,59528.81,4.0
NTPC,2020-09-30,27863.92,384387.98,380960.31,62500.06,145833.47,8505.25,2332.15,8105.52,212608.77,109256.87,82965.31,58884.27,4.0
NTPC,2020-12-31,28617.01,400336.19,407877.57,64250.34,149917.47,8735.13,2340.6,8324.59,188340.66,115272.26,88827.34,64810.36,4.0
NTPC,2021-03-31,29666.97,396516.25,395016.19,62823.83,146588.94,9055.62,2263.6,8630.02,199116.82,115603.0,86026.4,61373.16,4.0
NTPC,2021-06-30,30661.52,405247.31,408039.47,63647.63,148511.14,9328.18,2384.87,9657.75,221765.03,117052.2,87485.46,68915.64,4.0
NTPC,2021-09-30,33107.84,399147.14,391516.5,62003.65,144675.19,10072.43,2386.24,10428.29,239603.78,117110.67,83942.87,64417.03,4.0
NTPC,2021-12-31,33960.82,407764.13,404181.26,62656.68,146198.92,10331.93,2373.48,10696.96,209340.96,121458.41,86658.24,67201.18,4.0
NTPC,2022-03-31,34699.94,413850.84,411880.12,62911.09,146792.54,10556.79,2357.5,10929.77,206578.75,125078.54,88308.91,68759.29,4.0
NTPC,2022-06-30,40769.47,421691.37,419721.49,66561.51,155310.18,11012.41,2907.81,10909.68,237816.2,126433.16,97284.49,72169.21,6.5
NTPC,2022-09-30,43021.98,437041.74,442644.4,67731.19,158039.44,11620.84,2810.05,11512.44,262130.93,132132.13,102597.64,77448.19,6.5
NTPC,2022-12-31,46498.56,444617.89,449949.45,67675.81,157910.22,12559.92,2844.93,12442.75,251302.89,135498.4,104290.83,78661.96,6.5
NTPC,2023-03-31,47158.88,452276.32,457421.51,67634.67,157814.23,12738.28,2876.8,12619.45,253051.78,138888.25,106022.73,79919.65,6.5
NTPC,2023-06-30,40849.22,455959.87,456709.72,71256.29,166264.68,11776.89,3131.58,9175.26,283709.35,139916.75,111295.35,77729.91,6.5
NTPC,2023-09-30,43005.1,464560.34,465890.99,71343.06,166467.15,12398.43,3090.71,9659.49,264948.14,143873.27,113532.73,79389.08,6.5
NTPC,2023-12-31,45624.47,476226.41,481249.5,71889.66,167742.53,13153.6,3088.09,10247.84,280062.56,148790.69,117275.43,82634.49,6.5
NTPC,2024-03-31,46094.56,471228.16,463313.52,69944.46,163203.74,13289.12,3095.73,10353.43,276421.15,148476.62,112904.62,77402.14,6.5
NTPC,2024-06-30,42397.74,484493.75,478724.28,74135.34,172982.46,12249.14,3278.59,11365.98,306835.35,159375.2,120251.47,80717.16,6.25
NTPC,2024-09-30,44852.46,501622.3,501857.21,75063.94,175149.18,12958.34,3306.92,12024.04,311664.71,165732.88,126062.27,85677.47,6.25
NTPC,2024-12-31,49038.89,505172.27,498005.42,73964.37,172583.53,14167.84,3365.55,13146.34,312784.84,167602.66,125094.73,83774.49,6.25
NTPC,2025-03-31,48088.48,525043.74,526595.05,75250.48,175584.46,13893.25,3263.54,12891.55,315800.92,174889.21,132276.2,90124.15,6.25
NTPC,2025-06-30,44076.11,542073.32,552042.94,82796.77,193192.46,12424.63,3458.24,11973.01,324726.91,182259.59,129264.32,85000.02,6.0
NTPC,2025-09-30,44802.01,534259.0,527533.26,80278.0,187315.34,12629.25,3387.33,12170.2,352311.13,181491.14,123525.22,78755.19,6.0
NTPC,2025-12-31,49618.19,559666.06,569649.85,82751.82,193087.59,13986.88,3387.54,13478.48,369161.26,192007.18,133387.09,87663.41,6.0
NTPC,2026-03-31,48588.3,551267.38,543988.16,80227.95,187198.56,13696.57,3391.9,13198.72,329108.89,190924.2,127378.24,81161.11,6.0
Nestle India,2014-06-30,1789.59,5714.2,5800.12,5.48,12.79,340.4,0.75,240.36,67346.03,2554.77,1556.29,3144.87,7.75
Nestle India,2014-09-30,1940.74,5690.77,5601.26,5.32,12.4,369.16,0.74,260.66,67832.8,2544.29,1502.93,2945.0,7.75
Nestle India,2014-12-31,2188.81,5885.92,5838.38,5.36,12.5,416.34,0.74,293.98,61427.35,2631.55,1566.56,3093.53,7.75
Nestle India,2015-03-31,2142.76,5994.1,5903.59,5.32,12.41,407.58,0.76,287.8,64609.88,2679.91,1584.06,3105.94,7.75
Nestle India,2015-06-30,1965.63,6369.64,6473.95,10.06,23.48,397.81,22.36,315.24,67322.2,2995.31,2030.6,3376.95,6.75
Nestle India,2015-09-30,2212.83,6339.12,6232.08,9.73,22.71,447.84,22.79,354.89,75995.91,2975.59,1954.73,3144.39,6.75
Nestle India,2015-12-31,2475.61,6541.18,6454.53,9.77,22.79,501.03,23.08,397.03,74845.51,3065.2,2024.5,3268.68,6.75
Nestle India,2016-03-31,2373.8,6883.4,6957.58,10.01,23.35,480.42,22.76,380.7,75761.85,3220.34,2182.29,3609.23,6.75
Nestle India,2016-06-30,2256.27,7056.14,7165.71,10.66,24.88,472.67,23.29,409.78,75516.26,3122.44,2601.38,3861.35,6.25
Nestle India,2016-09-30,2346.59,7051.65,7016.97,10.45,24.38,491.59,22.81,426.18,77980.07,3142.27,2547.38,3705.08,6.25
Nestle India,2016-12-31,2760.11,7280.02,7335.71,10.58,24.69,578.22,22.69,501.29,75114.47,3265.69,2663.09,3922.3,6.25
Nestle India,2017-03-31,2647.2,7450.31,7538.65,10.62,24.79,554.56,23.0,480.78,82373.9,3363.41,2736.77,4047.64,6.25
Nestle India,2017-06-30,2505.93,7558.45,7572.67,10.52,24.55,580.99,27.61,455.38,82989.17,3314.95,2737.7,4107.71,6.0
Nestle India,2017-09-30,2662.12,7583.29,7443.7,10.31,24.05,617.2,27.9,483.76,85641.17,3335.6,2691.07,3955.98,6.0
Nestle India,2017-12-31,3190.2,7860.05,7813.62,10.44,24.36,739.63,28.51,579.73,82358.71,3466.97,2824.8,4205.45,6.0
Nestle India,2018-03-31,2962.45,8232.87,8380.33,10.69,24.94,686.83,27.88,538.34,83753.35,3641.07,3029.68,4618.54,6.0
Nestle India,2018-06-30,2764.2,8010.54,8164.75,57.79,134.85,653.9,31.75,512.88,97631.84,1717.79,3343.07,5876.28,6.25
Nestle India,2018-09-30,2986.15,7669.47,7708.63,56.99,132.98,706.4,32.05,554.06,94612.89,1739.74,3156.32,5471.02,6.25
Nestle India,2018-12-31,3329.23,7525.4,7651.12,57.65,134.51,787.56,32.82,617.72,105686.38,1806.13,3132.77,5492.87,6.25
Nestle India,2019-03-31,3333.61,7049.35,6927.83,55.72,130.02,788.6,32.65,618.53,96886.22,1790.59,2836.61,4807.55,6.25
Nestle India,2019-06-30,2904.17,7312.37,7270.24,43.85,102.31,696.57,41.22,533.85,105190.52,1768.53,3329.59,5245.59,5.15
Nestle India,2019-09-30,3188.98,7500.96,7465.6,43.89,102.41,764.88,41.52,586.2,104900.94,1818.24,3419.05,5392.21,5.15
Nestle India,2019-12-31,3604.44,7656.47,7595.19,43.75,102.08,864.53,40.57,662.57,114005.37,1859.92,3478.4,5467.68,5.15
Nestle India,2020-03-31,3592.75,7856.55,7813.34,43.86,102.33,861.72,41.32,660.42,117236.83,1912.42,3578.31,5638.93,5.15
Nestle India,2020-06-30,3185.44,8079.6,8176.86,80.76,188.44,769.73,50.44,483.19,118445.58,1731.85,4189.72,6051.19,4.0
Nestle India,2020-09-30,3419.04,8016.32,7965.95,79.3,185.03,826.17,51.28,518.62,128506.42,1746.46,4081.66,5788.4,4.0
Nestle India,2020-12-31,3938.33,8090.55,8031.03,79.21,184.83,951.65,50.88,597.39,115960.53,1790.48,4115.0,5829.38,4.0
Nestle India,2021-03-31,3969.2,8196.72,8159.61,79.44,185.36,959.11,49.98,602.07,116456.67,1841.62,4180.88,5939.59,4.0
Nestle India,2021-06-30,3638.64,8282.08,8146.17,79.97,186.59,798.06,38.44,589.39,149004.26,2149.91,4353.88,5576.35,4.0
Nestle India,2021-09-30,3894.1,8476.8,8349.05,80.07,186.84,854.09,38.72,630.77,135511.71,2211.02,4462.31,5723.02,4.0
Nestle India,2021-12-31,4765.46,8956.59,9123.48,82.81,193.23,1045.2,38.23,771.92,133232.53,2346.85,4876.22,6467.86,4.0
Nestle India,2022-03-31,4585.46,9117.09,9257.3,82.55,192.62,1005.72,38.82,742.76,141021.82,2399.34,4947.74,6541.77,4.0
Nestle India,2022-06-30,4216.44,8859.12,8740.85,80.21,187.17,985.66,29.39,747.79,167026.65,2156.59,4671.71,6002.04,6.5
Nestle India,2022-09-30,4495.5,9072.32,9166.61,82.14,191.67,1050.89,29.6,797.28,152553.43,2268.18,4899.27,6445.87,6.5
Nestle India,2022-12-31,5402.31,9013.99,9049.12,81.62,190.44,1262.87,30.03,958.1,166134.86,2312.9,4836.48,6322.35,6.5
Nestle India,2023-03-31,4977.95,8966.44,8953.9,81.19,189.43,1163.67,29.46,882.84,149751.19,2359.7,4785.59,6222.82,6.5
Nestle India,2024-06-30,4509.48,10939.79,10906.43,349.03,814.41,1064.98,34.57,655.15,191467.02,3708.08,4400.1,6211.23,6.25
Nestle India,2024-09-30,4930.85,11418.5,11413.49,349.95,816.54,1164.49,33.92,716.37,191766.14,3818.28,4604.66,6517.02,6.25
Nestle India,2024-12-31,5692.07,11998.27,12124.1,353.77,825.47,1344.27,34.09,826.96,206228.21,3961.59,4891.35,6998.44,6.25
Nestle India,2025-03-31,5352.76,12495.78,12669.96,354.98,828.29,1264.13,33.91,777.66,192130.88,4077.05,5111.57,7338.51,6.25
Nestle India,2025-06-30,5183.94,12644.26,12706.58,133.86,312.33,1188.13,40.2,1130.15,228505.28,4755.62,5568.94,7269.37,6.0
Nestle India,2025-09-30,5599.98,12786.6,12732.92,132.64,309.5,1283.49,40.05,1220.85,204204.47,4839.8,5580.48,7218.29,6.0
Nestle India,2025-12-31,6330.14,13072.74,13046.77,132.94,310.18,1450.83,39.77,1380.03,228763.5,4978.19,5718.04,7412.64,6.0
Nestle India,2026-03-31,6140.81,13189.46,13024.02,131.53,306.9,1407.44,39.71,1338.75,228777.8,5051.83,5708.07,7321.44,6.0
Power Grid,2014-06-30,4127.65,147519.26,146323.1,28638.78,66823.83,3512.74,1036.4,3718.18,77015.92,30467.41,14281.57,23561.78,7.75
Power Grid,2014-09-30,4274.43,153798.03,154858.52,29071.99,67834.64,3637.65,1009.66,3850.4,84692.67,31764.18,15114.66,25313.4,7.75
Power Grid,2014-12-31,4652.07,156118.48,155475.22,28753.93,67092.51,3959.03,1033.49,4190.57,76067.04,32243.42,15174.85,25136.17,7.75
Power Grid,2015-03-31,4669.99,161885.5,162994.55,29070.7,67831.64,3974.28,1014.56,4206.71,77539.45,33434.5,15908.76,26642.14,7.75
Power Grid,2015-06-30,4630.61,163141.21,160897.7,32115.69,74936.61,4077.23,1296.55,3365.11,97197.69,35339.88,15871.55,23714.44,6.75
Power Grid,2015-09-30,5204.63,171132.38,172223.68,32771.15,76466.03,4582.66,1286.44,3782.26,91274.83,37035.78,16988.78,25901.82,6.75
Power Grid,2015-12-31,5540.23,174454.18,174228.66,32521.4,75883.27,4878.15,1260.79,4026.14,91874.64,37720.72,17186.56,26003.67,6.75
Power Grid,2016-03-31,5392.26,178094.72,176885.7,32342.44,75465.69,4747.87,1267.81,3918.61,91079.01,38475.02,17448.66,26254.95,6.75
Power Grid,2016-06-30,6034.63,186586.49,189828.87,36316.71,84738.98,5272.11,1532.48,5066.63,104025.58,42003.9,18001.83,26461.74,6.25
Power Grid,2016-09-30,6417.88,189583.23,191702.9,36095.51,84222.86,5606.94,1554.49,5388.4,93154.87,42876.39,18179.55,26560.21,6.25
Power Grid,2016-12-31,6874.32,194562.4,197596.9,36253.14,84590.66,6005.7,1522.47,5771.63,108918.63,44196.88,18738.49,27496.38,6.25
Power Grid,2017-03-31,6662.12,197738.86,199837.77,36075.3,84175.7,5820.31,1533.03,5593.46,96980.87,45107.77,18951.0,27671.79,6.25
Power Grid,2017-06-30,7040.53,200046.48,197053.43,38860.64,90674.84,6102.0,1801.91,5337.87,121757.06,44823.62,26463.36,33958.11,6.0
Power Grid,2017-09-30,7415.28,209028.8,207559.99,39173.69,91405.27,6426.79,1856.41,5621.98,116280.6,46405.91,27874.35,36056.83,6.0
Power Grid,2017-12-31,7907.39,219522.18,221124.98,39738.94,92724.2,6853.3,1838.55,5995.08,114450.85,48314.35,29696.06,38967.6,6.0
Power Grid,2018-03-31,7829.46,227775.04,230222.08,39874.73,93041.04,6785.76,1814.59,5936.0,108134.49,49722.5,30917.76,40709.36,6.0
Power Grid,2018-06-30,8156.63,232017.85,233181.0,44132.94,102976.87,6263.06,2160.95,5414.1,131664.88,50067.47,33663.16,39708.2,6.25
Power Grid,2018-09-30,8444.49,232877.97,229440.45,43264.6,100950.74,6484.09,2145.8,5605.17,128805.83,50408.91,33123.16,38302.47,6.25
Power Grid,2018-12-31,9395.94,244138.9,246425.52,44324.09,103422.88,7214.66,2144.5,6236.72,123442.06,53002.39,35575.21,42145.35,6.25
Power Grid,2019-03-31,9191.13,245717.32,244065.82,43617.66,101774.53,7057.4,2221.72,6100.77,125955.32,53495.02,35234.55,41076.5,6.25
Power Grid,2019-06-30,8427.81,247291.54,244903.61,44051.48,102786.78,7343.08,2337.46,6863.67,131140.34,54473.06,37165.24,41299.55,5.15
Power Grid,2019-09-30,9320.17,252510.85,252997.14,44566.66,103988.88,8120.58,2370.25,7590.42,134472.16,56599.59,38393.47,43163.38,5.15
Power Grid,2019-12-31,9786.49,259082.21,263904.27,45308.89,105720.73,8526.88,2392.83,7970.19,131652.49,59056.48,40048.68,45774.07,5.15
Power Grid,2020-03-31,10139.87,257327.25,257985.18,44594.73,104054.37,8834.78,2384.56,8257.99,141863.04,59616.04,39150.43,44042.1,5.15
Power Grid,2020-06-30,8881.64,257465.33,258504.58,43143.05,100667.11,7820.96,2000.39,6587.97,154836.57,60092.79,46158.35,43177.82,4.0
Power Grid,2020-09-30,9954.95,252534.0,248930.66,42356.48,98831.78,8766.08,2026.15,7384.09,164337.83,60591.72,44448.84,40820.65,4.0
Power Grid,2020-12-31,10276.48,257974.15,260015.58,43309.63,101055.81,9049.22,2035.82,7622.59,169054.52,63585.62,46428.16,43597.89,4.0
Power Grid,2021-03-31,10587.92,257545.35,259395.89,43278.35,100982.82,9323.46,2048.1,7853.6,170215.25,65168.92,46317.51,43462.57,4.0
Power Grid,2021-06-30,9455.78,252196.83,249896.34,40040.2,93427.13,8139.04,1968.91,5934.91,169913.09,63492.1,42357.4,39476.6,4.0
Power Grid,2021-09-30,10296.41,254276.06,255226.66,40559.87,94639.69,8862.6,2019.75,6462.53,164171.93,66054.42,43260.89,40841.93,4.0
Power Grid,2021-12-31,11075.75,253804.19,255479.86,40675.59,94909.71,9533.42,1994.82,6951.68,179555.92,67986.12,43303.81,40999.09,4.0
Power Grid,2022-03-31,10822.68,246878.78,242873.6,39753.24,92757.56,9315.58,1979.63,6792.84,187383.79,68148.18,41167.05,38092.24,4.0
Power Grid,2022-06-30,10746.81,246810.09,242895.03,37395.55,87256.28,9096.16,2422.93,8960.59,196174.34,69220.36,46195.11,38799.22,6.5
Power Grid,2022-09-30,11320.74,246799.12,243030.19,37418.02,87308.71,9581.94,2435.46,9439.13,183355.57,71133.9,46220.82,38844.14,6.5
Power Grid,2022-12-31,12117.31,248005.0,245569.4,37625.13,87791.97,10256.15,2394.68,10103.29,183765.86,73409.93,46703.74,39467.24,6.5
Power Grid,2023-03-31,11993.94,254884.86,259550.6,38693.87,90285.69,10151.74,2442.33,10000.43,201394.93,77430.91,49362.76,42899.15,6.5
Power Grid,2023-06-30,10553.04,250924.08,251414.61,37127.24,86630.22,9033.95,2156.85,8584.14,218927.82,72147.39,50826.39,40340.49,6.5
Power Grid,2023-09-30,11303.73,247963.11,245387.26,36669.87,85563.04,9676.58,2183.49,9194.78,208748.76,73184.53,49607.89,38888.34,6.5
Power Grid,2023-12-31,11900.15,247457.45,244259.28,36575.9,85343.76,10187.15,2157.86,9679.92,240619.15,74917.95,49379.86,38610.38,6.5
Power Grid,2024-03-31,11993.43,254577.57,258382.17,37608.57,87753.34,10267.0,2196.05,9755.8,240913.18,79008.37,52234.96,41995.95,6.5
Power Grid,2024-06-30,10584.43,252863.88,251113.47,39036.89,91086.07,8976.84,2202.19,8372.64,242229.76,76576.07,53804.3,39677.82,6.25
Power Grid,2024-09-30,11153.55,260307.31,262204.34,39595.47,92389.43,9459.52,2190.01,8822.83,242609.58,79771.04,56180.66,42023.09,6.25
Power Grid,2024-12-31,11755.86,258323.06,254482.58,38724.59,90357.39,9970.35,2186.52,9299.28,253139.7,80069.59,54526.17,39888.48,6.25
Power Grid,2025-03-31,12159.9,268716.14,271440.62,39707.55,92650.95,10313.03,2192.45,9618.89,264914.38,84207.2,58159.65,43626.51,6.25
Power Grid,2025-06-30,10748.56,274498.3,275806.81,44633.05,104143.79,8066.54,2131.45,9414.11,265961.47,84755.63,66867.9,43405.46,6.0
Power Grid,2025-09-30,11123.75,279734.13,279096.71,44320.08,103413.52,8348.11,2093.8,9742.71,285246.35,86435.94,67665.52,43615.22,6.0
Power Grid,2025-12-31,12525.0,283243.07,279000.66,43755.96,102097.23,9399.71,2086.34,10969.99,300763.9,87581.43,67642.23,43045.25,6.0
Power Grid,2026-03-31,11978.92,295735.72,296747.89,44573.33,104004.45,8989.89,2110.18,10491.71,281853.57,91505.11,71944.95,46638.61,6.0
Reliance Industries,2014-06-30,85457.39,470979.94,475350.52,50943.7,118868.63,8548.43,843.95,7846.51,554826.63,201239.58,99044.32,111965.88,7.75
Reliance Industries,2014-09-30,89828.12,470789.96,462467.96,49583.07,115693.82,8985.64,817.59,8247.82,578205.73,201158.41,96360.1,106022.07,7.75
Reliance Industries,2014-12-31,98868.86,482441.37,473189.78,49507.35,115517.16,9890.0,835.9,9077.92,587271.31,206136.81,98594.1,108314.43,7.75
Reliance Industries,2015-03-31,100232.85,498065.41,491726.53,49832.9,116276.77,10026.44,819.46,9203.16,518536.45,212812.62,102456.43,113297.69,7.75
Reliance Industries,2015-06-30,61957.72,526676.12,525242.4,58255.18,135928.76,9496.76,923.66,8667.8,591314.69,210886.76,88892.68,151046.79,6.75
Reliance Industries,2015-09-30,67231.03,547154.2,542605.05,57928.53,135166.57,10305.04,909.44,9405.53,598668.66,215371.94,91831.16,155164.9,6.75
Reliance Industries,2015-12-31,71364.44,568457.31,561628.41,57712.47,134662.42,10938.6,933.28,9983.79,613142.41,220215.18,95050.69,160005.85,6.75
Reliance Industries,2016-03-31,71949.79,601573.76,604161.61,58665.49,136886.13,11028.33,906.01,10065.68,579500.1,229591.42,102249.06,174965.71,6.75
Reliance Industries,2016-06-30,68085.0,637606.71,649482.32,66457.66,155067.87,10372.66,979.53,11099.09,718967.24,245686.05,92386.48,211182.42,6.25
Reliance Industries,2016-09-30,73595.72,657710.93,662557.81,65723.29,153354.35,11212.21,946.76,11997.43,678598.24,249537.97,94246.43,213053.4,6.25
Reliance Industries,2016-12-31,77978.52,667188.9,654762.87,64027.39,149397.25,11879.93,962.06,12711.91,730030.98,249496.33,93137.62,205113.97,6.25
Reliance Industries,2017-03-31,78633.14,701478.68,696195.45,64751.12,151085.95,11979.66,968.51,12818.62,687359.01,258786.15,99031.26,220558.53,6.25
Reliance Industries,2017-06-30,90141.22,746686.46,760711.76,73304.42,171043.64,14833.91,1987.62,16481.63,801159.08,271011.87,128934.29,265497.85,6.0
Reliance Industries,2017-09-30,98276.6,762009.89,764993.92,72234.67,168547.56,16172.69,2044.79,17969.13,819176.06,274274.67,129660.08,263096.09,6.0
Reliance Industries,2017-12-31,100058.02,770872.56,756849.69,70644.01,164836.03,16465.85,1988.52,18294.84,745932.1,275293.77,128279.7,254563.26,6.0
Reliance Industries,2018-03-31,101905.79,821940.83,832748.95,72899.04,170097.77,16769.92,1994.59,18632.7,749790.23,291365.59,141143.99,289032.48,6.0
Reliance Industries,2018-06-30,128999.37,845540.75,833396.22,90988.29,212306.01,19122.8,4130.79,9611.56,901019.87,347532.69,153841.18,249322.01,6.25
Reliance Industries,2018-09-30,135688.13,914300.79,924257.33,93319.48,217745.46,20114.34,4204.06,10109.93,818032.65,366070.18,170613.74,283588.64,6.25
Reliance Industries,2018-12-31,144762.24,958909.94,966844.24,93078.03,217182.08,21459.48,4175.79,10786.03,890955.24,374731.54,178475.09,295887.98,6.25
Reliance Industries,2019-03-31,151616.69,991982.05,986366.07,91791.58,214180.34,22475.58,4053.49,11296.75,806640.06,379027.96,182078.73,297690.2,6.25
Reliance Industries,2019-06-30,140226.03,1031948.53,1024968.35,105819.26,246911.6,20978.48,5533.91,22297.12,895380.19,406844.31,215464.43,313999.03,5.15
Reliance Industries,2019-09-30,144528.45,1090244.45,1100257.52,107518.39,250876.24,21622.14,5468.24,22981.24,983785.16,424549.33,231291.39,342476.08,5.15
Reliance Industries,2019-12-31,160267.14,1104601.18,1087793.31,104918.76,244810.45,23976.72,5500.63,25483.83,995442.21,425186.62,228671.22,330409.63,5.15
Reliance Industries,2020-03-31,159079.02,1175620.56,1188362.74,107694.65,251287.52,23798.97,5520.25,25294.91,961643.55,447626.66,249812.49,370506.91,5.15
Reliance Industries,2020-06-30,107396.9,1179454.38,1157064.52,82099.92,191566.48,18607.04,5281.9,6208.8,1010473.17,629515.98,252460.8,293160.32,4.0
Reliance Industries,2020-09-30,111033.3,1232320.62,1223169.7,83067.15,193823.35,19237.07,5326.15,6419.02,1079589.45,654146.77,266884.34,313560.17,4.0
Reliance Industries,2020-12-31,125398.89,1276211.23,1271636.42,83388.6,194573.41,21725.98,5244.13,7249.52,1122193.03,673959.2,277459.33,327246.14,4.0
Reliance Industries,2021-03-31,120413.79,1308963.33,1297955.02,82984.78,193631.16,20862.29,5207.62,6961.33,1019672.46,687892.8,283201.81,332401.51,4.0
Reliance Industries,2021-06-30,163894.08,1371986.52,1379307.64,96258.32,224602.75,25617.5,3690.94,26106.58,1279249.6,718580.1,279846.42,370098.67,4.0
Reliance Industries,2021-09-30,173295.89,1431473.52,1453951.03,97250.86,226918.67,27087.05,3600.29,27604.19,1215085.17,745610.85,294990.75,394149.82,4.0
Reliance Industries,2021-12-31,185715.4,1443397.96,1432890.22,95050.37,221784.2,29028.28,3703.77,29582.48,1132147.36,747917.34,290717.74,379651.25,4.0
Reliance Industries,2022-03-31,179374.97,1517685.36,1536991.21,96965.36,226252.51,28037.24,3635.37,28572.52,1277176.59,782549.45,311838.69,415437.9,4.0
Reliance Industries,2022-06-30,195608.03,1520397.63,1515374.9,135051.57,315120.33,31764.8,4894.85,25674.68,1292251.83,653756.17,331939.61,412274.44,6.5
Reliance Industries,2022-09-30,209819.74,1579752.3,1607739.8,137899.76,321766.1,34072.64,4860.97,27540.04,1314126.91,685585.36,352171.95,446628.0,6.5
Reliance Industries,2022-12-31,230313.32,1570453.48,1561886.95,134760.08,314440.18,37400.59,4932.48,30229.94,1454467.24,687607.01,342127.98,424011.4,6.5
Reliance Industries,2023-03-31,236437.22,1605705.26,1605528.53,135484.29,316130.0,38395.05,4844.17,31033.74,1309296.28,709027.96,351687.57,438201.28,6.5
Reliance Industries,2023-06-30,204110.0,1650374.83,1657607.72,105676.82,246579.24,36892.05,5672.44,36049.77,1515317.62,730900.62,387743.04,579462.17,6.5
Reliance Industries,2023-09-30,214337.43,1707908.06,1735799.29,106933.94,249512.52,38740.62,5728.33,37856.13,1451551.99,759584.43,406033.39,614014.57,6.5
Reliance Industries,2023-12-31,230970.01,1751125.67,1785143.07,107259.62,250272.45,41746.89,5777.06,40793.76,1452156.25,781947.8,417575.76,633392.47,6.5
Reliance Industries,2024-03-31,238435.68,1736629.65,1718404.6,104111.51,242926.87,43096.28,5839.98,42112.35,1569975.9,778458.82,401964.48,591817.49,6.5
Reliance Industries,2024-06-30,219691.85,1813348.23,1823033.66,112893.68,263418.59,37785.39,6099.36,40775.63,1706138.84,771541.96,416630.12,688283.25,6.25
Reliance Industries,2024-09-30,230092.09,1839101.16,1825917.02,111488.89,260140.74,39574.16,6148.62,42705.95,1611340.74,782534.26,417289.07,680793.64,6.25
Reliance Industries,2024-12-31,245776.37,1914549.08,1928147.3,113091.48,263880.11,42271.74,6089.31,45617.02,1565216.7,814671.76,440652.45,729244.15,6.25
Reliance Industries,2025-03-31,252923.63,1961034.81,1972422.37,112945.98,263540.62,43501.02,6000.87,46943.57,1608042.32,834485.81,450770.92,745029.68,6.25
Reliance Industries,2025-06-30,245611.32,2041726.19,2077393.51,123000.43,287001.0,41656.78,6734.6,44692.2,1789806.37,838100.22,540667.09,845022.79,6.0
Reliance Industries,2025-09-30,256199.46,2098685.91,2134337.85,122942.22,286865.19,43452.57,6660.65,46618.85,2014711.16,860344.28,555487.55,867775.26,6.0
Reliance Industries,2025-12-31,273117.17,2147495.65,2174744.98,122422.54,285652.6,46321.89,6808.54,49697.25,1916781.05,879252.49,566004.0,880466.34,6.0
Reliance Industries,2026-03-31,277635.3,2142104.5,2107239.85,118921.03,277482.4,47088.19,6695.39,50519.38,2020753.59,876004.35,548434.96,828734.97,6.0
SBI,2014-06-30,48157.39,2471292.21,2446119.54,240450.05,561050.12,7223.61,33432.13,6089.2,197668.89,147079.35,1823676.79,215418.62,7.75
SBI,2014-09-30,51334.31,2586670.08,2609334.06,245052.95,571790.23,7700.15,33102.54,6490.9,194701.14,153946.08,1945359.54,234191.06,7.75
SBI,2014-12-31,53244.67,2648911.19,2666253.21,244514.88,570534.72,7986.7,33262.85,6732.45,215298.02,157650.37,1987794.97,238774.19,7.75
SBI,2015-03-31,54300.61,2648544.51,2598877.22,238369.01,556194.35,8145.09,32915.11,6865.97,193578.81,157628.55,1937563.56,226890.46,7.75
SBI,2015-06-30,52699.26,2792045.12,2791639.29,276468.7,645093.63,7904.89,35120.08,3457.9,228873.52,166305.62,2043304.62,251177.5,6.75
SBI,2015-09-30,54609.68,2840330.78,2795635.13,272157.73,635034.7,8191.45,36149.28,3583.26,210060.31,168137.08,2046229.32,247614.81,6.75
SBI,2015-12-31,57031.71,3001481.26,3024100.71,278592.69,650049.6,8554.76,35755.3,3742.18,223031.07,176641.83,2213451.78,274183.57,6.75
SBI,2016-03-31,55948.54,3109117.07,3146353.83,279820.54,652914.58,8392.28,36218.22,3671.11,232402.22,181969.59,2302933.38,286525.06,6.75
SBI,2016-06-30,53982.92,3147081.82,3129580.76,308035.82,718750.25,8097.44,37413.3,18132.59,235931.7,199052.25,2148298.76,260774.67,6.25
SBI,2016-09-30,59054.28,3315698.15,3375412.2,315336.99,735786.31,8858.14,36737.19,19836.04,250246.28,209277.56,2317049.59,287925.26,6.25
SBI,2016-12-31,57653.81,3399366.05,3450077.22,314379.32,733551.76,8648.07,37341.23,19365.63,261806.19,214132.57,2368303.35,293400.48,6.25
SBI,2017-03-31,60431.58,3468230.79,3494905.17,312140.77,728328.47,9064.74,37515.52,20298.67,266530.44,218059.31,2399075.47,295096.41,6.25
SBI,2017-06-30,53563.59,3446561.55,3408126.8,321849.89,750983.07,8034.54,36635.25,-22576.38,304777.88,209855.21,2252035.63,274776.87,6.0
SBI,2017-09-30,58767.64,3558119.31,3587377.75,328155.93,765697.17,8815.15,35975.54,-24769.83,301954.33,219749.82,2370481.79,294895.69,6.0
SBI,2017-12-31,57268.33,3632147.0,3692511.59,330888.83,772073.93,8590.25,36750.36,-24137.89,261636.34,227410.95,2439952.55,306065.96,6.0
SBI,2018-03-31,59658.17,3677831.12,3740265.42,331004.8,772344.53,8948.72,36353.66,-25145.17,304026.54,233323.75,2471507.52,310132.86,6.0
SBI,2018-06-30,61767.71,3737801.29,3791931.03,355029.44,828402.02,9265.16,38926.56,7206.66,334100.4,219212.02,2660753.75,296468.79,6.25
SBI,2018-09-30,62643.11,3682955.28,3614748.07,343480.22,801453.85,9396.47,39479.42,7308.8,321521.78,217812.91,2536426.54,273422.31,6.25
SBI,2018-12-31,63550.67,3755805.5,3692250.24,344039.4,802758.6,9532.6,38375.34,7414.69,326589.05,223908.75,2590808.9,279739.3,6.25
SBI,2019-03-31,64603.71,3820856.22,3754427.78,343877.06,802379.81,9690.56,39317.09,7537.55,307286.48,229541.64,2634438.16,284315.9,6.25
SBI,2019-06-30,64241.71,3936965.45,3908422.85,375034.92,875081.48,9636.26,40749.42,5696.6,361785.2,229727.73,2727406.66,313702.51,5.15
SBI,2019-09-30,69025.35,3999787.49,3957063.28,373738.5,872056.51,10353.8,40467.68,6120.79,327655.01,235121.01,2761349.31,316508.65,5.15
SBI,2019-12-31,70340.3,4181983.78,4244663.63,383435.84,894683.62,10551.05,39509.65,6237.39,356283.76,247569.6,2962044.87,348321.86,5.15
SBI,2020-03-31,71317.46,4281088.86,4366356.87,385298.0,899028.66,10697.62,40762.41,6324.04,346170.77,255150.69,3046965.81,360048.27,5.15
SBI,2020-06-30,67111.22,4356008.95,4352502.47,435754.3,1016760.02,10066.68,38849.5,21698.12,405302.0,253864.31,2882255.65,377786.24,4.0
SBI,2020-09-30,71087.63,4570070.97,4619112.11,440785.17,1028498.73,10663.14,39757.72,22983.76,391972.73,263735.63,3058806.3,405556.07,4.0
SBI,2020-12-31,70584.69,4634644.4,4586217.39,431548.52,1006946.55,10587.7,39373.15,22821.15,372443.72,265004.03,3037023.21,394230.03,4.0
SBI,2021-03-31,70989.94,4806134.5,4766975.68,432552.11,1009288.25,10648.49,38670.57,22952.18,380269.09,272431.09,3156722.53,410720.9,4.0
SBI,2021-06-30,66976.46,5071476.4,5170415.3,491891.65,1147747.19,10046.47,38295.45,13326.09,439721.69,287342.26,3417439.7,510049.92,4.0
SBI,2021-09-30,71990.12,5045733.71,4988869.07,477041.56,1113096.97,10798.52,39329.1,14323.64,476890.0,286199.02,3297444.83,477283.17,4.0
SBI,2021-12-31,75213.51,5214813.35,5197621.31,480888.4,1122072.93,11282.03,38407.18,14964.99,471847.55,296099.2,3435421.8,501264.25,4.0
SBI,2022-03-31,76660.48,5385197.38,5409627.09,484667.76,1130891.45,11499.07,38997.58,15252.89,421162.79,306078.24,3575549.22,525810.51,4.0
SBI,2022-06-30,85781.31,5606827.27,5706120.09,545387.7,1272571.3,12867.2,46985.48,-21030.35,510175.91,337051.14,3828757.26,590815.58,6.5
SBI,2022-09-30,88278.23,5596695.5,5536401.14,530124.02,1236956.04,13241.74,47519.36,-21642.5,472459.19,336472.68,3714877.31,557199.5,6.5
SBI,2022-12-31,87965.06,5870961.79,5936618.98,541890.49,1264411.15,13194.76,46899.54,-21565.73,486298.25,352992.01,3983420.03,610740.05,6.5
SBI,2023-03-31,87945.85,6045823.82,6138635.89,544124.14,1269623.0,13191.88,48386.46,-21561.01,532346.32,363535.41,4118971.63,634126.0,6.5
SBI,2023-06-30,107404.74,6123728.9,6098313.47,603522.79,1408219.84,16110.71,64086.99,5290.16,581092.72,381403.93,4145167.7,642738.07,6.5
SBI,2023-09-30,111088.6,6424232.39,6505391.81,613694.32,1431953.4,16663.29,64035.04,5471.6,533432.19,398313.9,4421868.47,697198.05,6.5
SBI,2023-12-31,110137.36,6563229.82,6587629.27,608291.05,1419345.77,16520.6,65030.04,5424.75,565186.27,405196.6,4477767.21,699795.56,6.5
SBI,2024-03-31,110319.21,6670620.32,6608076.59,600355.83,1400830.27,16547.88,65914.4,5433.71,524956.69,410164.9,4491665.74,692810.41,6.5
SBI,2024-06-30,119165.5,6978388.91,7079471.6,667770.31,1558130.73,17874.83,76607.0,11054.42,655951.61,456196.91,4898287.57,761964.29,6.25
SBI,2024-09-30,123720.01,6907707.05,6793588.07,647361.3,1510509.69,18558.0,75388.8,11476.92,615845.32,454207.01,4700484.71,708847.16,6.25
SBI,2024-12-31,124074.75,7232802.1,7297440.24,664118.22,1549609.19,18611.21,74512.75,11509.82,624587.57,478226.36,5049100.11,781128.73,6.25
SBI,2025-03-31,123081.88,7367342.2,7421347.41,663060.8,1547141.86,18462.28,74393.66,11417.72,582613.09,489707.61,5134831.5,793127.08,6.25
SBI,2025-06-30,124873.67,7559716.54,7553846.14,748324.29,1746090.0,18731.05,78735.96,9238.7,710349.67,550139.86,5357592.54,820587.16,6.0
SBI,2025-09-30,131241.08,7873118.32,7929180.01,754238.53,1759889.91,19686.16,78271.84,9709.79,707361.98,569473.95,5623799.43,868167.92,6.0
SBI,2025-12-31,129472.45,8165315.46,8262458.56,757815.6,1768236.41,19420.87,79943.95,9578.94,717746.61,587231.98,5860178.44,908949.13,6.0
SBI,2026-03-31,135384.38,8390529.0,8460460.02,755147.61,1762011.09,20307.66,79908.25,10016.33,737745.49,600168.77,6000611.69,927454.41,6.0
Sun Pharma,2014-06-30,6440.22,45127.37,45186.04,2702.31,6305.39,1855.98,145.51,1320.4,107914.29,23554.26,29014.85,13083.22,7.75
Sun Pharma,2014-09-30,6753.58,45985.44,45686.0,2681.23,6256.19,1946.29,142.53,1384.64,108419.28,24002.13,29335.88,13124.78,7.75
Sun Pharma,2014-12-31,7273.27,47299.44,47094.84,2687.13,6269.96,2096.06,143.05,1491.19,122270.25,24687.97,30240.52,13559.28,7.75
Sun Pharma,2015-03-31,7062.83,48565.67,48408.84,2690.09,6276.87,2035.41,144.8,1448.05,106124.66,25348.88,31084.27,13952.95,7.75
Sun Pharma,2015-06-30,6667.1,50347.35,50295.5,2546.47,5941.77,1913.04,128.5,1564.79,130039.65,30255.16,32258.16,12643.42,6.75
Sun Pharma,2015-09-30,7033.09,51561.56,51052.69,2523.94,5889.2,2018.06,131.74,1650.69,118691.78,30797.92,32743.8,12720.2,6.75
Sun Pharma,2015-12-31,7578.09,54474.43,55206.82,2583.37,6027.87,2174.44,130.94,1778.6,135411.92,32352.65,35408.14,14079.12,6.75
Sun Pharma,2016-03-31,7631.88,55059.13,54692.72,2532.14,5908.32,2189.87,130.67,1791.23,134797.23,32524.11,35078.41,13671.38,6.75
Sun Pharma,2016-06-30,7241.72,57651.89,58470.48,2991.48,6980.12,2316.67,98.73,1624.1,153073.13,34148.08,37733.3,14194.51,6.25
Sun Pharma,2016-09-30,7720.97,58000.08,57739.84,2936.37,6851.52,2469.99,98.3,1731.58,151249.37,34424.84,37261.78,13758.88,6.25
Sun Pharma,2016-12-31,8489.05,58644.56,57628.77,2898.51,6763.19,2715.7,98.81,1903.84,152952.9,34875.28,37190.11,13555.38,6.25
Sun Pharma,2017-03-31,8234.22,62238.86,63404.13,3004.82,7011.26,2634.18,100.17,1846.69,134240.74,37081.5,40917.18,15460.87,6.25
Sun Pharma,2017-06-30,6146.69,61587.18,61280.4,3099.98,7233.29,1306.66,127.29,906.61,169406.45,35043.02,34155.65,14792.14,6.0
Sun Pharma,2017-09-30,6463.9,62844.11,62992.57,3122.86,7286.67,1374.09,132.08,953.39,156930.6,36255.75,35109.96,15317.66,6.0
Sun Pharma,2017-12-31,6836.59,63172.75,62850.66,3099.62,7232.44,1453.31,128.73,1008.36,150405.18,36932.88,35030.86,15169.39,6.0
Sun Pharma,2018-03-31,6898.95,64869.85,65447.81,3143.26,7334.27,1466.57,129.31,1017.56,165604.52,38413.22,36478.42,16018.64,6.0
Sun Pharma,2018-06-30,6768.92,63643.3,62924.55,3118.58,7276.68,1485.08,136.02,511.41,185620.5,37651.26,32576.78,12200.06,6.25
Sun Pharma,2018-09-30,7114.33,65228.41,66022.88,3192.62,7449.44,1560.86,136.0,537.5,188837.62,39586.91,34180.82,13104.68,6.25
Sun Pharma,2018-12-31,7651.99,65204.54,65899.66,3187.83,7438.26,1678.83,136.34,578.12,183363.22,40567.69,34117.02,13060.59,6.25
Sun Pharma,2019-03-31,7758.9,65372.84,66165.16,3192.43,7449.0,1702.28,140.15,586.2,181461.03,41667.97,34254.48,13132.14,6.25
Sun Pharma,2019-06-30,7389.75,65806.6,66123.72,2506.52,5848.55,1571.43,76.27,1475.11,210507.36,41848.83,32952.29,14239.6,5.15
Sun Pharma,2019-09-30,7885.96,67428.8,68481.8,2533.46,5911.4,1676.95,74.83,1574.17,210757.83,43441.72,34127.42,14905.88,5.15
Sun Pharma,2019-12-31,8831.11,67554.51,67817.05,2504.19,5843.12,1877.94,76.53,1762.83,207650.11,44069.98,33796.15,14590.7,5.15
Sun Pharma,2020-03-31,8821.23,68555.13,68918.18,2507.71,5851.32,1875.83,75.99,1760.86,191513.91,45263.44,34344.89,14848.42,5.15
Sun Pharma,2020-06-30,7692.48,67427.5,66809.71,1150.07,2683.49,1945.05,35.56,1416.88,216158.01,42364.53,34470.89,16926.77,4.0
Sun Pharma,2020-09-30,8115.33,67133.61,66368.05,1147.46,2677.42,2051.97,34.89,1494.76,224241.68,43411.1,34243.02,16776.84,4.0
Sun Pharma,2020-12-31,9008.4,66919.08,66083.71,1146.21,2674.49,2277.78,35.26,1659.26,211608.33,44504.84,34096.31,16686.72,4.0
Sun Pharma,2021-03-31,8896.72,68492.51,69374.23,1175.64,2743.16,2249.54,35.08,1638.69,232763.43,46818.04,35794.08,17967.41,4.0
Sun Pharma,2021-06-30,9048.44,68684.95,69213.44,389.98,909.95,2401.28,31.46,2103.28,244610.89,44528.17,32709.14,20465.19,4.0
Sun Pharma,2021-09-30,9719.71,68216.77,67737.92,384.28,896.66,2579.42,31.92,2259.32,244832.55,45063.89,32011.83,19736.46,4.0
Sun Pharma,2021-12-31,9958.51,68458.48,67688.23,382.65,892.84,2642.79,32.0,2314.82,258083.52,46052.67,31988.35,19637.93,4.0
Sun Pharma,2022-03-31,10003.38,70655.01,71545.09,391.88,914.38,2654.7,31.96,2325.26,265515.4,48372.8,33811.04,21257.56,4.0
Sun Pharma,2022-06-30,10251.76,71316.15,70141.96,2031.79,4740.84,2721.44,42.46,1158.42,293775.0,50724.24,32023.26,15240.72,6.5
Sun Pharma,2022-09-30,10667.14,73832.87,72448.21,2027.06,4729.8,2831.7,42.88,1205.36,273759.86,51973.9,33076.17,15705.19,6.5
Sun Pharma,2022-12-31,11197.75,77177.62,76385.46,2044.6,4770.72,2972.56,43.65,1265.32,287324.03,53803.16,34873.72,16701.97,6.5
Sun Pharma,2023-03-31,11201.42,80140.65,79573.34,2051.18,4786.08,2973.53,43.29,1265.73,302838.88,55360.32,36329.15,17455.0,6.5
Sun Pharma,2023-06-30,11414.06,83179.0,84513.06,997.95,2328.56,3063.86,59.08,2856.05,344191.72,59610.95,41301.74,18503.47,6.5
Sun Pharma,2023-09-30,12113.76,82186.51,81361.38,972.34,2268.79,3251.68,60.32,3031.12,322790.94,59650.7,39761.51,17356.23,6.5
Sun Pharma,2023-12-31,12399.92,85853.75,87567.02,1001.8,2337.53,3328.5,58.54,3102.73,310032.61,63075.41,42794.22,19246.03,6.5
Sun Pharma,2024-03-31,12920.03,86549.98,87789.45,996.27,2324.62,3468.11,60.23,3232.87,344266.75,64335.33,42902.92,19188.32,6.5
Sun Pharma,2024-06-30,11905.38,86664.04,86356.18,706.08,1647.53,3422.3,56.69,3186.36,336004.61,66343.14,41646.55,16223.44,6.25
Sun Pharma,2024-09-30,12512.49,89623.77,90640.96,716.64,1672.17,3596.82,57.43,3348.85,360924.61,69155.17,43712.95,17283.07,6.25
Sun Pharma,2024-12-31,13646.69,89295.45,88338.26,701.0,1635.68,3922.86,58.11,3652.41,329393.23,69426.29,42602.44,16476.45,6.25
Sun Pharma,2025-03-31,14020.64,92872.31,93846.73,716.03,1670.75,4030.35,58.04,3752.49,330796.46,72733.2,45258.98,17879.16,6.25
Sun Pharma,2025-06-30,13718.24,96371.01,96615.39,1391.62,3247.11,4160.62,85.16,2914.15,407975.3,77275.71,42798.17,18331.22,6.0
Sun Pharma,2025-09-30,14636.38,100671.42,100997.4,1392.59,3249.39,4439.08,85.04,3109.19,431403.47,79419.83,44739.29,19176.06,6.0
Sun Pharma,2025-12-31,15582.67,105433.21,106307.88,1399.62,3265.77,4726.08,84.55,3310.2,392910.75,81920.76,47091.7,20286.1,6.0
Sun Pharma,2026-03-31,15096.63,110648.19,112543.29,1411.87,3294.37,4578.67,85.08,3206.96,427464.93,84757.22,49853.83,21664.07,6.0
TCS,2014-06-30,24230.48,67382.48,66948.61,106.71,248.99,6267.55,26.14,4958.59,420810.48,46355.67,52278.32,20254.29,7.75
TCS,2014-09-30,23982.79,70730.56,71825.71,109.06,254.48,6203.48,26.41,4907.9,450523.96,48658.97,56086.71,22209.24,7.75
TCS,2014-12-31,23863.65,70517.51,69563.07,105.95,247.21,6172.66,25.57,4883.52,458712.11,48512.41,54319.88,20894.95,7.75
TCS,2015-03-31,23813.1,72149.23,70999.09,105.69,246.61,6159.58,25.49,4873.17,442494.84,49634.94,55441.22,21274.27,7.75
TCS,2015-06-30,26354.9,77211.47,77361.98,73.64,171.83,7441.5,8.14,4635.38,497788.28,65687.17,45585.13,14901.88,6.75
TCS,2015-09-30,27409.15,81490.3,82181.92,74.12,172.96,7739.18,8.16,4820.81,462656.15,67902.7,48425.26,15933.62,6.75
TCS,2015-12-31,26876.96,85053.79,85562.87,73.94,172.53,7588.91,8.33,4727.2,509945.6,69516.73,50417.46,16547.97,6.75
TCS,2016-03-31,27418.36,86856.01,85444.33,72.31,168.71,7741.78,8.27,4822.43,472737.78,69723.07,50347.62,16159.74,6.75
TCS,2016-06-30,29076.03,93538.42,95308.21,88.34,206.13,7963.95,7.92,6216.92,531663.03,81071.14,43877.0,15022.28,6.25
TCS,2016-09-30,30185.22,96435.96,97573.18,87.72,204.69,8267.76,8.04,6454.08,541143.27,82679.78,44919.72,15271.69,6.25
TCS,2016-12-31,29627.58,97617.83,96427.84,85.64,199.83,8115.02,8.0,6334.85,560167.47,82844.22,44392.44,14734.69,6.25
TCS,2017-03-31,29103.58,102928.46,103527.39,87.2,203.48,7971.5,7.85,6222.81,512970.13,86517.52,47660.86,16107.95,6.25
TCS,2017-06-30,31589.33,104741.01,106479.14,75.33,175.77,8343.83,13.24,6432.36,593239.07,79870.51,56586.1,20337.21,6.0
TCS,2017-09-30,29881.26,103431.52,103134.4,73.89,172.4,7892.67,13.22,6084.56,651058.62,80458.36,54808.61,19321.16,6.0
TCS,2017-12-31,31632.1,103569.14,102717.59,73.49,171.48,8355.13,13.18,6441.07,594687.14,82132.68,54587.1,19139.84,6.0
TCS,2018-03-31,31424.39,103736.2,102364.78,73.12,170.61,8300.26,12.9,6398.78,611330.7,83814.11,54399.61,18977.97,6.0
TCS,2018-06-30,37573.96,107620.51,107922.11,18.65,43.52,10134.96,49.89,7335.31,634791.77,82621.57,67574.38,23177.33,6.25
TCS,2018-09-30,36868.41,107936.87,106382.95,18.33,42.78,9944.65,50.47,7197.58,680513.76,83399.24,66610.64,22454.94,6.25
TCS,2018-12-31,37444.82,112587.57,113474.83,18.75,43.74,10100.13,49.98,7310.1,700506.27,87528.61,71051.16,24493.25,6.25
TCS,2019-03-31,36307.06,115310.46,116737.36,18.83,43.94,9793.24,49.09,7087.99,712190.92,90173.2,73093.96,25309.8,6.25
TCS,2019-06-30,40101.42,115509.88,115562.29,2453.31,5724.4,10759.11,234.82,8270.48,760131.05,77504.82,69203.46,26781.75,5.15
TCS,2019-09-30,39939.51,117959.32,118912.27,2472.01,5768.02,10715.66,232.39,8237.08,795912.55,80206.22,71209.57,27768.14,5.15
TCS,2019-12-31,40155.41,117980.41,117393.26,2440.0,5693.32,10773.59,229.5,8281.61,710578.35,81250.84,70299.92,27058.4,5.15
TCS,2020-03-31,39421.54,119961.7,119796.62,2448.83,5713.93,10576.69,226.71,8130.26,765131.91,83635.75,71739.15,27712.28,5.15
TCS,2020-06-30,40518.57,120290.95,118031.89,2294.58,5354.03,11487.47,159.83,9576.26,788135.23,78113.23,71433.66,31863.63,4.0
TCS,2020-09-30,41838.7,123193.91,121356.16,2303.62,5375.1,11861.74,158.36,9888.26,854169.43,80540.19,73445.53,32890.0,4.0
TCS,2020-12-31,41709.15,128152.62,128782.57,2350.0,5483.32,11825.01,157.44,9857.64,794671.89,84323.9,77940.04,35605.42,4.0
TCS,2021-03-31,39940.2,130203.29,130414.92,2342.3,5465.37,11323.49,159.45,9439.57,869855.82,86202.89,78927.96,35938.68,4.0
TCS,2021-06-30,48588.81,132811.54,132898.13,2346.93,5476.17,13444.19,199.73,10122.73,926273.67,82168.57,82927.89,41490.04,4.0
TCS,2021-09-30,48787.55,135127.33,134797.46,2339.67,5459.24,13499.18,194.2,10164.14,888981.46,84128.48,84113.07,41952.91,4.0
TCS,2021-12-31,46573.26,140048.18,141930.31,2376.92,5546.15,12886.5,199.63,9702.82,983167.95,87716.89,88563.94,44876.06,4.0
TCS,2022-03-31,47676.62,138987.35,137077.31,2313.17,5397.39,13191.79,193.44,9932.69,915183.08,87553.04,85535.68,42179.14,4.0
TCS,2022-06-30,56530.98,142313.88,143225.81,2321.18,5416.08,14858.51,196.42,10522.24,1030077.08,83837.45,84162.54,45149.36,6.5
TCS,2022-09-30,57902.8,142200.0,142509.16,2311.41,5393.3,15219.07,196.6,10777.58,1086755.32,85741.11,83741.43,44734.47,6.5
TCS,2022-12-31,56092.6,141555.01,140739.5,2293.11,5350.6,14743.28,192.78,10440.64,1111717.52,87300.69,82701.54,43829.15,6.5
TCS,2023-03-31,54722.24,140264.7,137717.5,2264.52,5283.87,14383.1,191.76,10185.57,989214.33,88422.56,80925.75,42353.2,6.5
TCS,2023-06-30,61507.67,143364.0,143215.89,2403.81,5608.9,16416.82,196.08,11320.91,1118845.82,83281.35,91106.78,46185.91,6.5
TCS,2023-09-30,60192.95,142280.98,140421.09,2374.85,5541.31,16065.91,194.29,11078.92,1183134.88,84501.42,89328.87,44738.87,6.5
TCS,2023-12-31,59856.51,145601.31,146388.11,2419.3,5645.04,15976.11,195.4,11017.0,1108795.41,88348.67,93124.78,47513.11,6.5
TCS,2024-03-31,59770.18,145490.25,145508.5,2406.6,5615.4,15953.07,195.48,11001.11,1263996.78,90138.31,92565.22,46979.68,6.5
TCS,2024-06-30,64438.77,146210.85,143699.35,2769.2,6461.47,17012.21,196.32,12343.42,1369804.13,85814.63,93372.11,48517.36,6.25
TCS,2024-09-30,62017.6,154738.17,157462.98,2867.22,6690.17,16373.0,199.68,11879.64,1355458.75,91253.39,102315.36,55046.11,6.25
TCS,2024-12-31,63402.71,155095.33,154836.33,2812.89,6563.42,16738.68,200.14,12144.96,1349060.74,91880.46,100608.63,53102.4,6.25
TCS,2025-03-31,65521.75,161575.7,164556.38,2869.58,6695.68,17298.12,198.09,12550.87,1426146.57,96135.34,106924.46,57573.23,6.25
TCS,2025-06-30,65536.8,161655.16,159073.7,3330.85,7771.98,17769.14,301.47,12785.79,1384373.24,97283.43,99369.81,54126.21,6.0
TCS,2025-09-30,65130.87,166993.66,164129.31,3326.84,7762.63,17659.08,309.0,12706.59,1456554.15,99792.54,102527.93,55779.25,6.0
TCS,2025-12-31,68136.58,177745.54,179981.36,3427.48,7997.45,18474.02,300.9,13292.99,1447645.15,105516.83,112430.35,63016.85,6.0
TCS,2026-03-31,65225.88,182101.41,183040.63,3402.36,7938.84,17684.84,309.16,12725.13,1590593.28,107429.25,114341.42,63618.31,6.0
Tata Steel,2014-06-30,31781.56,145478.22,143800.19,23931.04,55839.1,776.63,1213.34,2706.48,62054.65,27775.53,53211.19,42040.6,7.75
Tata Steel,2014-09-30,35165.11,152994.08,154857.02,24505.1,57178.56,859.31,1219.25,2994.62,59473.98,29210.5,57302.62,46359.11,7.75
Tata Steel,2014-12-31,36824.49,154850.58,154570.39,24166.49,56388.48,899.86,1190.35,3135.93,59103.12,29564.96,57196.55,45633.91,7.75
Tata Steel,2015-03-31,37009.87,161920.09,164780.84,24638.04,57488.76,904.39,1205.85,3151.72,54435.16,30914.71,60974.78,49597.6,7.75
Tata Steel,2015-06-30,23452.46,164842.43,166142.29,24790.05,57843.45,-143.75,1063.31,2634.71,65926.1,39866.76,54453.39,48436.84,6.75
Tata Steel,2015-09-30,24644.61,168910.0,169828.47,24729.84,57702.97,-151.06,1040.74,2768.64,65417.77,40844.8,55661.54,49391.25,6.75
Tata Steel,2015-12-31,26250.87,172131.04,171822.39,24552.0,57287.99,-160.91,1063.91,2949.09,66123.11,41618.19,56315.05,49611.77,6.75
Tata Steel,2016-03-31,27307.61,173481.78,170144.99,24123.01,56287.03,-167.38,1041.31,3067.8,67270.28,41939.51,55765.28,48269.07,6.75
Tata Steel,2016-06-30,25998.77,178152.31,180562.04,25241.06,58895.8,3043.02,1278.13,2505.91,75616.3,34546.37,54656.44,54773.85,6.25
Tata Steel,2016-09-30,28274.14,174585.12,174504.78,24892.74,58083.06,3309.34,1269.82,2725.22,70989.83,34990.44,52822.89,52205.87,6.25
Tata Steel,2016-12-31,28865.97,172008.22,170473.99,24682.07,57591.49,3378.61,1271.68,2782.26,76983.69,35607.32,51602.77,50568.37,6.25
Tata Steel,2017-03-31,29625.63,171446.29,170451.38,24759.68,57772.59,3467.52,1272.71,2855.48,66952.18,36635.16,51595.92,50720.65,6.25
Tata Steel,2017-06-30,27550.84,178499.43,175533.24,27184.73,63431.03,4791.09,1359.57,1793.45,82157.56,54328.5,65683.89,46068.07,6.0
Tata Steel,2017-09-30,30886.24,191796.96,193017.14,27819.97,64913.26,5371.12,1384.64,2010.57,77044.53,57100.67,72226.3,51840.38,6.0
Tata Steel,2017-12-31,33057.5,197230.69,194837.52,27308.67,63720.23,5748.7,1384.81,2151.91,83845.2,57526.26,72907.48,51367.55,6.0
Tata Steel,2018-03-31,31938.46,212873.38,217107.33,28193.93,65785.83,5554.1,1380.26,2079.06,74702.58,60913.92,81240.76,59094.32,6.0
Tata Steel,2018-06-30,37128.47,218800.82,222943.88,30817.49,71907.49,6903.91,1924.39,5966.21,89963.35,63883.68,80407.03,61513.53,6.25
Tata Steel,2018-09-30,39434.06,219293.03,217848.14,30045.52,70106.22,7332.63,1881.48,6336.7,84202.33,63966.74,78569.2,58601.86,6.25
Tata Steel,2018-12-31,42568.53,229958.0,233200.84,30671.31,71566.39,7915.47,1939.28,6840.38,96809.47,67017.43,84106.31,64038.36,6.25
Tata Steel,2019-03-31,40357.81,228778.94,224853.41,29725.84,69360.3,7504.39,1906.24,6485.14,86283.52,66616.99,81095.72,59842.73,6.25
Tata Steel,2019-06-30,31635.73,234674.2,232501.7,34575.33,80675.76,3951.27,1880.92,4563.54,94857.2,66378.43,82881.61,54774.63,5.15
Tata Steel,2019-09-30,33571.76,245520.72,250166.73,35558.78,82970.5,4193.08,1856.68,4842.82,105529.93,70111.54,89178.8,60612.68,5.15
Tata Steel,2019-12-31,37732.03,242882.52,240729.31,34589.02,80707.71,4712.69,1878.71,5442.95,106162.21,69994.16,85814.57,56735.41,5.15
Tata Steel,2020-03-31,36319.35,246483.17,243845.85,34525.0,80558.32,4536.25,1868.14,5239.17,95322.51,71656.01,86925.55,57363.55,5.15
Tata Steel,2020-06-30,35463.82,249563.9,251300.81,26735.08,62381.86,6913.4,1890.74,10046.24,105542.57,68033.15,80822.32,84210.91,4.0
Tata Steel,2020-09-30,37670.97,243047.24,239614.65,26175.33,61075.76,7343.67,1925.26,10671.48,110628.18,68408.96,77063.87,78613.73,4.0
Tata Steel,2020-12-31,41973.92,241126.17,237101.64,26107.16,60916.71,8182.5,1875.5,11890.42,113204.62,70026.36,76255.65,77586.68,4.0
Tata Steel,2021-03-31,40588.27,246873.03,249873.08,26872.94,62703.54,7912.37,1906.57,11497.9,106896.84,73928.61,80363.14,84164.25,4.0
Tata Steel,2021-06-30,56382.25,249927.68,246369.5,22345.57,52139.67,14673.41,1365.8,10257.05,129625.32,103239.32,99402.0,79471.76,4.0
Tata Steel,2021-09-30,58958.18,258768.24,254444.45,22289.53,52008.91,15343.79,1364.84,10725.67,126281.69,105763.65,102659.98,81870.67,4.0
Tata Steel,2021-12-31,63295.6,267959.61,263211.14,22266.6,51955.4,16472.59,1383.11,11514.73,125448.37,108435.22,106197.05,84604.32,4.0
Tata Steel,2022-03-31,63879.52,283261.22,284102.93,22735.66,53049.87,16624.56,1377.79,11620.96,130504.14,113558.44,114626.2,93243.3,4.0
Tata Steel,2022-06-30,56901.6,281057.34,278964.87,25278.29,58982.68,7552.49,1597.57,5069.99,143222.09,93519.95,96916.73,94516.76,6.5
Tata Steel,2022-09-30,60838.15,288332.52,292824.96,25864.71,60350.99,8074.99,1605.58,5420.74,139428.46,98275.67,101731.94,101514.31,6.5
Tata Steel,2022-12-31,62711.79,287403.85,290181.8,25714.06,59999.48,8323.67,1574.08,5587.68,142186.8,100274.41,100813.66,100012.08,6.5
Tata Steel,2023-03-31,63815.7,283813.81,282240.39,25326.71,59095.66,8470.19,1596.06,5686.04,150551.08,101296.3,98054.69,95809.7,6.5
Tata Steel,2023-06-30,52414.59,280857.16,280340.27,26076.52,60845.21,5088.43,1864.1,4643.12,166133.85,83824.34,83156.27,93715.67,6.5
Tata Steel,2023-09-30,54886.97,282362.4,287461.24,26596.35,62058.16,5328.45,1854.21,4862.13,151160.5,87806.06,85268.54,98011.83,6.5
Tata Steel,2023-12-31,60401.85,273219.56,273106.17,26113.76,60932.1,5863.83,1882.95,5350.67,163131.26,88481.56,81010.45,91427.74,6.5
Tata Steel,2024-03-31,59182.21,267934.99,266565.02,25991.02,60645.72,5745.43,1880.95,5242.63,163562.94,90323.79,79070.17,88818.54,6.5
Tata Steel,2024-06-30,49182.86,267438.98,264072.15,28082.26,65525.27,5693.29,1840.45,5207.18,172246.94,82130.71,73556.24,84708.76,6.25
Tata Steel,2024-09-30,52639.37,275934.26,279529.25,28810.83,67225.28,6093.4,1811.97,5573.14,172448.79,86538.87,77861.75,91993.41,6.25
Tata Steel,2024-12-31,58837.72,274703.04,275486.06,28521.37,66549.86,6810.91,1869.75,6229.38,168371.46,87923.86,76735.54,89751.89,6.25
Tata Steel,2025-03-31,56935.73,273997.86,272544.48,28289.44,66008.7,6590.74,1857.11,6028.01,166771.92,89445.02,75916.17,88071.51,6.25
Tata Steel,2025-06-30,53574.11,284045.93,287408.2,28042.66,65432.87,7927.88,1816.48,8092.2,189603.94,94456.0,78532.62,100003.27,6.0
Tata Steel,2025-09-30,57463.85,282763.44,279576.22,27402.21,63938.49,8503.48,1771.72,8679.73,211970.3,94793.34,76392.58,95056.46,6.0
Tata Steel,2025-12-31,60021.49,285433.59,279732.38,27161.03,63375.74,8881.96,1774.78,9066.05,211861.41,96431.63,76435.25,94272.46,6.0
Tata Steel,2026-03-31,62006.54,299483.3,302481.32,27992.04,65314.76,9175.71,1800.88,9365.89,188865.55,101930.27,82651.26,105057.96,6.0
Tech Mahindra,2014-06-30,5793.97,18488.94,18619.4,211.48,493.46,1073.96,17.43,627.01,41748.2,10962.21,12331.32,6517.61,7.75
Tech Mahindra,2014-09-30,5548.04,18836.11,18816.64,209.78,489.49,1028.38,17.43,600.4,41229.52,11168.04,12461.95,6533.75,7.75
Tech Mahindra,2014-12-31,5694.82,19217.24,19083.62,208.54,486.59,1055.58,16.93,616.28,42904.48,11394.02,12638.77,6587.19,7.75
Tech Mahindra,2015-03-31,5535.8,19617.05,19388.78,207.56,484.3,1026.11,17.58,599.07,40571.06,11631.07,12840.87,6660.96,7.75
Tech Mahindra,2015-06-30,6505.68,20456.11,20395.16,326.32,761.42,1046.06,24.51,770.3,48801.48,13054.36,14748.8,6177.5,6.75
Tech Mahindra,2015-09-30,6433.14,21140.59,21094.78,326.59,762.05,1034.39,23.8,761.71,50742.89,13418.11,15254.73,6394.62,6.75
Tech Mahindra,2015-12-31,6776.6,21889.29,21922.88,327.8,764.87,1089.62,23.85,802.38,51489.16,13822.3,15853.57,6670.3,6.75
Tech Mahindra,2016-03-31,6578.98,22194.96,21869.76,322.5,752.51,1057.84,24.57,778.98,51660.43,13947.6,15815.16,6546.59,6.75
Tech Mahindra,2016-06-30,7395.15,23573.37,23739.91,412.7,962.96,1061.78,32.82,1033.1,52909.31,14902.69,15331.59,7573.15,6.25
Tech Mahindra,2016-09-30,7476.79,24127.93,23965.96,407.05,949.78,1073.5,31.96,1044.51,55829.43,15096.07,15477.57,7540.66,6.25
Tech Mahindra,2016-12-31,7401.22,24876.75,24583.01,404.96,944.91,1062.65,32.8,1033.95,56670.57,15413.87,15876.07,7695.14,6.25
Tech Mahindra,2017-03-31,7389.52,25939.45,25822.44,407.95,951.89,1060.97,31.69,1032.32,52211.42,15925.83,16676.52,8142.8,6.25
Tech Mahindra,2017-06-30,7603.0,27305.56,27461.5,723.21,1687.48,1163.69,41.28,878.08,62692.46,17118.13,15998.08,8342.41,6.0
Tech Mahindra,2017-09-30,7913.25,28585.01,28930.13,727.78,1698.16,1211.17,40.3,913.91,59947.88,17692.01,16853.65,8844.15,6.0
Tech Mahindra,2017-12-31,7863.82,29862.86,30397.63,731.98,1707.95,1203.61,39.98,908.2,57856.48,18262.25,17708.56,9346.34,6.0
Tech Mahindra,2018-03-31,7613.03,30301.67,30172.9,716.04,1670.77,1165.22,40.92,879.24,61631.4,18322.8,17577.64,9075.31,6.0
Tech Mahindra,2018-06-30,8656.62,30845.87,30510.68,592.29,1382.02,1562.54,33.57,1104.32,63058.83,18153.49,17119.04,10075.35,6.25
Tech Mahindra,2018-09-30,8581.24,31514.38,31095.9,590.85,1378.65,1548.93,33.22,1094.7,66276.01,18598.65,17447.4,10243.56,6.25
Tech Mahindra,2018-12-31,8633.38,32801.19,32910.49,600.8,1401.86,1558.34,32.66,1101.35,72024.96,19409.44,18465.54,11023.83,6.25
Tech Mahindra,2019-03-31,8504.01,33666.39,33888.24,602.75,1406.41,1534.99,33.38,1084.85,66976.65,19971.74,19014.13,11388.2,6.25
Tech Mahindra,2019-06-30,9328.21,34420.38,34426.77,1101.2,2569.48,1392.35,47.83,1102.65,70004.5,19777.39,20801.08,10919.18,5.15
Tech Mahindra,2019-09-30,9323.03,34728.71,34087.48,1080.67,2521.57,1391.58,48.31,1102.03,74392.7,19933.18,20596.08,10609.97,5.15
Tech Mahindra,2019-12-31,9481.91,36352.83,36355.66,1101.09,2569.2,1415.29,47.85,1120.81,80979.07,20844.2,21966.54,11529.73,5.15
Tech Mahindra,2020-03-31,9337.15,37762.54,38212.37,1114.12,2599.6,1393.68,48.16,1103.7,80425.05,21631.65,23088.39,12261.96,5.15
Tech Mahindra,2020-06-30,9439.27,37716.3,37544.39,866.33,2021.44,1694.61,43.46,2018.27,91469.75,22492.91,19177.01,11169.89,4.0
Tech Mahindra,2020-09-30,9575.71,39018.38,39584.86,882.94,2060.18,1719.1,42.77,2047.44,84849.29,23543.52,20219.25,12002.64,4.0
Tech Mahindra,2020-12-31,9218.88,38901.67,38772.78,867.42,2023.97,1655.04,43.59,1971.14,90258.31,23738.38,19804.45,11549.77,4.0
Tech Mahindra,2021-03-31,9295.67,39693.38,39784.98,872.31,2035.39,1668.83,44.07,1987.56,79048.6,24484.37,20321.46,11918.13,4.0
Tech Mahindra,2021-06-30,11477.49,40464.17,40125.69,778.83,1817.27,2061.76,40.77,1358.66,94861.09,24258.84,22208.43,13358.01,4.0
Tech Mahindra,2021-09-30,11401.15,41492.59,40982.52,775.75,1810.07,2048.05,40.43,1349.62,89670.15,24815.79,22682.67,13589.21,4.0
Tech Mahindra,2021-12-31,11026.13,43163.46,43114.47,784.51,1830.52,1980.68,41.21,1305.23,91171.14,25756.56,23862.64,14457.63,4.0
Tech Mahindra,2022-03-31,10937.95,45197.59,45992.93,799.22,1864.85,1964.84,40.48,1294.79,92933.49,26912.39,25455.79,15712.1,4.0
Tech Mahindra,2022-06-30,13712.68,44194.21,43627.05,811.45,1893.39,1997.59,81.45,1433.8,113448.78,25096.44,26073.22,14248.9,6.5
Tech Mahindra,2022-09-30,13290.81,45994.53,46884.46,837.9,1955.11,1936.13,82.18,1389.69,99082.81,26614.98,28019.98,15811.99,6.5
Tech Mahindra,2022-12-31,13000.12,45077.4,44684.01,814.83,1901.26,1893.79,82.22,1359.29,101374.04,26563.04,26704.9,14654.82,6.5
Tech Mahindra,2023-03-31,12954.29,46330.15,46838.83,831.03,1939.06,1887.11,79.94,1354.5,100522.16,27785.76,27992.71,15666.91,6.5
Tech Mahindra,2023-06-30,12973.82,45028.08,44899.03,758.92,1770.81,1124.32,98.42,1590.91,110531.38,24191.37,26924.44,14466.92,6.5
Tech Mahindra,2023-09-30,13220.11,44954.04,45424.96,769.07,1794.5,1145.66,96.08,1621.11,127104.04,25177.62,27239.82,14832.21,6.5
Tech Mahindra,2023-12-31,12946.62,43778.16,43737.85,760.4,1774.26,1121.96,98.14,1587.58,117459.35,25548.76,26228.12,14120.27,6.5
Tech Mahindra,2024-03-31,13301.17,42865.63,42584.11,756.1,1764.24,1152.69,99.54,1631.05,121780.67,26055.75,25536.26,13670.09,6.5
Tech Mahindra,2024-06-30,13586.31,43444.06,43459.63,607.72,1418.01,1785.59,81.99,1483.55,132917.67,24909.0,26588.06,14613.84,6.25
Tech Mahindra,2024-09-30,13071.1,43083.53,42467.97,598.82,1397.25,1717.88,81.98,1427.29,135639.21,25207.68,25981.38,14071.31,6.25
Tech Mahindra,2024-12-31,13074.17,43820.29,43653.72,605.19,1412.11,1718.29,79.79,1427.63,144616.99,26146.26,26706.8,14618.07,6.25
Tech Mahindra,2025-03-31,12893.28,43527.87,42801.08,597.36,1393.83,1694.51,80.75,1407.88,126525.45,26469.53,26185.17,14147.02,6.25
Tech Mahindra,2025-06-30,14152.24,45053.33,44618.64,649.47,1515.44,2250.06,84.29,1537.4,145594.97,26724.67,27996.45,15607.13,6.0
Tech Mahindra,2025-09-30,13851.75,47589.36,48477.49,668.04,1558.76,2202.29,83.59,1504.76,160672.98,28231.56,30417.73,17441.65,6.0
Tech Mahindra,2025-12-31,14063.03,48728.24,49526.59,666.54,1555.27,2235.88,84.49,1527.71,138148.41,28909.69,31076.0,17779.25,6.0
Tech Mahindra,2026-03-31,14468.52,48364.25,47573.64,645.08,1505.19,2300.35,85.76,1571.76,141874.74,28696.11,29850.6,16528.2,6.0
Titan Company,2014-06-30,2633.06,5492.58,5558.03,30.36,70.83,254.84,20.36,111.18,84807.34,2803.39,4841.02,2572.52,7.75
Titan Company,2014-09-30,2899.8,5498.33,5423.1,29.59,69.04,280.66,20.28,122.44,88946.01,2806.32,4723.5,2446.57,7.75
Titan Company,2014-12-31,3333.72,5803.04,5885.95,30.43,71.0,322.65,20.1,140.76,91847.14,2961.85,5126.63,2730.67,7.75
Titan Company,2015-03-31,3144.07,5783.67,5700.55,29.57,68.99,304.3,20.64,132.75,82130.99,2951.96,4965.15,2569.94,7.75
Titan Company,2015-06-30,2433.72,6023.45,6060.62,34.11,79.59,202.67,10.67,124.32,91215.34,3181.16,5192.91,2618.25,6.75
Titan Company,2015-09-30,2668.46,6003.28,5903.26,33.34,77.78,222.21,10.55,136.31,102502.11,3193.0,5058.07,2492.39,6.75
Titan Company,2015-12-31,3157.39,6339.79,6458.25,34.53,80.58,262.93,10.5,161.29,95320.99,3394.82,5533.6,2824.72,6.75
Titan Company,2016-03-31,3103.94,6376.16,6410.51,34.08,79.53,258.48,10.57,158.56,91429.4,3436.41,5492.7,2767.24,6.75
Titan Company,2016-06-30,2984.27,6765.84,6674.43,556.97,1299.6,261.95,9.47,385.27,99746.59,3781.41,5267.78,1795.63,6.25
Titan Company,2016-09-30,3160.78,7439.71,7504.99,569.55,1328.96,277.44,9.51,408.06,114938.09,3971.34,5923.3,2064.69,6.25
Titan Company,2016-12-31,3554.75,7792.83,7695.39,557.54,1300.93,312.02,9.59,458.92,114382.79,3989.88,6073.57,2072.42,6.25
Titan Company,2017-03-31,3615.23,8478.71,8550.01,569.35,1328.48,317.33,9.52,466.73,104969.54,4178.85,6748.08,2351.34,6.25
Titan Company,2017-06-30,3540.26,8672.1,8657.97,506.47,1181.77,361.05,13.42,-11.2,118408.19,4618.39,7245.74,2487.57,6.0
Titan Company,2017-09-30,3827.17,8905.41,8846.71,503.96,1175.9,390.31,13.42,-12.11,114840.38,4719.63,7403.69,2529.17,6.0
Titan Company,2017-12-31,4489.39,9095.1,8949.81,499.2,1164.79,457.85,13.42,-14.2,116122.07,4798.08,7489.98,2534.48,6.0
Titan Company,2018-03-31,4219.47,9502.09,9483.22,506.29,1181.35,430.32,13.17,-13.35,125988.81,4991.07,7936.38,2723.71,6.0
Titan Company,2018-06-30,4390.84,10008.8,9949.69,713.66,1665.21,442.66,13.31,275.94,143118.53,5499.76,8499.3,2742.6,6.25
Titan Company,2018-09-30,4689.42,10672.46,10729.72,721.75,1684.09,472.76,13.5,294.7,127589.94,5712.44,9165.62,2991.15,6.25
Titan Company,2018-12-31,5496.72,11245.95,11329.76,723.25,1687.58,554.15,13.16,345.44,126360.49,5874.94,9678.19,3164.98,6.25
Titan Company,2019-03-31,5187.67,11582.21,11455.82,710.07,1656.82,522.99,13.44,326.02,143022.86,5915.73,9785.87,3141.85,6.25
Titan Company,2019-06-30,4570.1,12263.0,12358.24,1076.9,2512.76,534.68,41.74,-75.55,152297.08,6133.77,9795.16,3046.43,5.15
Titan Company,2019-09-30,4941.44,12391.22,12159.85,1048.65,2446.84,578.13,41.02,-81.68,147221.65,6134.28,9637.92,2918.88,5.15
Titan Company,2019-12-31,5842.5,13279.8,13476.98,1084.47,2530.42,683.55,42.23,-96.58,158459.58,6510.76,10681.88,3345.55,5.15
Titan Company,2020-03-31,5728.87,13414.13,13285.51,1058.35,2469.49,670.26,41.77,-94.7,161891.62,6516.91,10530.12,3218.61,5.15
Titan Company,2020-06-30,4810.46,14046.97,13828.39,1665.08,3885.19,383.39,50.87,919.91,168786.04,6745.77,9304.98,2739.37,4.0
Titan Company,2020-09-30,5128.22,15021.98,15050.01,1694.56,3953.96,408.71,51.49,980.67,166970.59,7050.73,10127.0,3034.14,4.0
Titan Company,2020-12-31,6122.38,15670.3,15621.75,1686.16,3934.37,487.95,49.96,1170.79,157754.42,7200.42,10511.72,3133.8,4.0
Titan Company,2021-03-31,5873.11,16299.32,16155.91,1676.52,3911.88,468.08,51.6,1123.12,179988.03,7342.82,10871.15,3222.42,4.0
Titan Company,2021-06-30,6256.79,17809.09,17990.01,2204.67,5144.23,726.51,55.4,-157.29,199956.56,8609.53,15508.19,3953.96,4.0
Titan Company,2021-09-30,6641.96,18986.6,19158.75,2202.29,5138.67,771.23,55.51,-166.98,184699.38,8832.66,16515.7,4206.28,4.0
Titan Company,2021-12-31,8076.25,20300.23,20602.91,2215.04,5168.43,937.77,54.02,-203.03,178837.24,9117.6,17760.63,4549.54,4.0
Titan Company,2022-03-31,7797.88,20846.05,20509.63,2147.28,5010.31,905.45,54.59,-196.04,182781.93,9065.3,17680.21,4390.39,4.0
Titan Company,2022-06-30,8665.35,22465.98,22287.39,2787.76,6504.78,1042.62,74.91,292.58,216894.5,10793.36,17621.22,4747.72,6.5
Titan Company,2022-09-30,9519.33,24338.48,24575.24,2837.44,6620.68,1145.37,74.4,321.42,198096.17,11282.6,19430.08,5328.37,6.5
Titan Company,2022-12-31,11427.86,25733.58,25906.31,2828.96,6600.91,1375.0,76.06,385.86,216719.03,11544.93,20482.47,5600.2,6.5
Titan Company,2023-03-31,11109.29,26564.95,26117.56,2762.77,6446.47,1336.67,74.06,375.1,204634.32,11563.91,20649.5,5513.77,6.5
Titan Company,2023-06-30,11437.12,28245.0,28338.55,4673.83,10905.6,1184.82,151.87,379.49,258116.23,8634.71,22813.13,5971.83,6.5
Titan Company,2023-09-30,12391.38,28772.38,28270.17,4577.09,10679.88,1283.67,154.88,411.15,251838.27,8684.52,22758.08,5834.11,6.5
Titan Company,2023-12-31,14131.53,29921.13,29435.04,4582.72,10693.02,1463.94,152.37,468.89,254832.66,8924.03,23695.83,6081.98,6.5
Titan Company,2024-03-31,13803.7,32025.23,32510.7,4729.02,11034.37,1429.98,156.79,458.02,241904.55,9445.04,26171.8,6931.92,6.5
Titan Company,2024-06-30,13314.24,33573.85,33328.02,6187.46,14437.41,1253.99,237.59,-119.14,265054.11,10591.75,28281.05,6710.4,6.25
Titan Company,2024-09-30,14594.25,36662.74,37238.38,6330.97,14772.25,1374.55,239.22,-130.6,265430.57,11130.3,31599.26,7671.63,6.25
Titan Company,2024-12-31,16732.22,38511.24,38652.49,6255.96,14597.25,1575.91,239.5,-149.73,276541.45,11287.88,32799.23,7868.62,6.25
Titan Company,2025-03-31,15917.21,40001.55,39368.28,6134.42,14313.66,1499.15,238.37,-142.44,262907.63,11352.39,33406.62,7858.63,6.25
Titan Company,2025-06-30,19254.22,46446.2,47283.22,9351.85,21820.98,1837.18,296.8,1228.89,304831.25,14703.23,39048.61,11315.91,6.0
Titan Company,2025-09-30,21105.22,50874.44,51147.34,9235.58,21549.68,2013.8,295.07,1347.03,279404.75,14912.87,42239.78,12088.49,6.0
Titan Company,2025-12-31,23730.66,55520.85,55459.76,9176.19,21411.12,2264.31,293.37,1514.6,278191.14,15206.9,45801.16,13023.43,6.0
Titan Company,2026-03-31,22922.69,61703.26,62867.06,9359.57,21838.99,2187.21,292.37,1463.03,291904.66,15908.5,51918.45,15057.88,6.0
UltraTech Cement,2014-06-30,5361.81,35096.9,34995.07,2940.14,6860.34,1018.02,145.65,963.96,88246.68,17309.11,7321.26,8420.55,7.75
UltraTech Cement,2014-09-30,5793.98,36013.45,35877.07,2937.53,6854.24,1100.08,145.18,1041.65,83057.53,17761.13,7505.78,8625.11,7.75
UltraTech Cement,2014-12-31,6007.2,37709.03,38326.33,2996.97,6992.93,1140.56,148.41,1079.99,84452.18,18597.36,8018.18,9400.37,7.75
UltraTech Cement,2015-03-31,6210.06,38579.84,39113.98,2989.52,6975.56,1179.08,149.08,1116.46,81866.02,19026.83,8182.97,9569.72,7.75
UltraTech Cement,2015-06-30,5943.57,38588.26,38340.12,3164.32,7383.41,1158.09,140.8,1069.48,89829.47,19916.77,8673.6,7981.59,6.75
UltraTech Cement,2015-09-30,6157.37,39224.46,38829.92,3152.77,7356.45,1199.75,139.29,1107.95,93762.87,20380.37,8784.41,8054.04,6.75
UltraTech Cement,2015-12-31,6725.01,40088.72,39771.97,3159.64,7372.48,1310.35,143.63,1210.09,102135.55,20962.28,8997.52,8267.41,6.75
UltraTech Cement,2016-03-31,6744.18,40610.85,40036.93,3139.79,7326.18,1314.09,143.0,1213.54,99533.36,21364.74,9057.47,8270.22,6.75
UltraTech Cement,2016-06-30,5992.09,41167.84,40890.56,2525.08,5891.85,1230.77,161.17,1181.89,108193.04,22157.97,8421.47,8990.2,6.25
UltraTech Cement,2016-09-30,6271.23,41067.07,40442.77,2503.55,5841.63,1288.1,160.07,1236.95,104929.97,22562.86,8329.24,8815.96,6.25
UltraTech Cement,2016-12-31,6781.79,41346.32,40746.46,2505.32,5845.74,1392.97,162.31,1337.65,116013.5,23172.93,8391.79,8888.41,6.25
UltraTech Cement,2017-03-31,6592.53,42634.17,43063.63,2567.81,5991.55,1354.1,161.04,1300.32,113582.57,24359.93,8869.01,9628.19,6.25
UltraTech Cement,2017-06-30,7315.73,46600.82,47269.09,5927.8,13831.54,1451.15,307.18,918.16,114024.71,24495.28,8659.51,9465.03,6.0
UltraTech Cement,2017-09-30,7683.23,50028.14,50383.78,5885.54,13732.94,1524.05,312.5,964.28,116363.24,24977.96,9230.11,10016.79,6.0
UltraTech Cement,2017-12-31,8314.0,52454.42,51517.87,5739.66,13392.53,1649.17,305.4,1043.44,125380.83,24999.85,9437.86,9988.38,6.0
UltraTech Cement,2018-03-31,8120.02,56874.49,56609.22,5816.74,13572.4,1610.69,313.82,1019.1,114734.09,25985.23,10370.58,11122.9,6.0
UltraTech Cement,2018-06-30,9728.76,61216.37,60455.32,7506.6,17515.4,1723.92,445.37,1397.53,140489.91,30580.33,12486.86,13604.88,6.25
UltraTech Cement,2018-09-30,10164.96,66728.47,66624.1,7589.21,17708.16,1801.22,446.35,1460.19,142841.94,31752.46,13761.0,15158.1,6.25
UltraTech Cement,2018-12-31,11098.99,70547.62,69434.1,7481.12,17455.96,1966.72,448.22,1594.37,143062.22,32123.93,14341.4,15572.44,6.25
UltraTech Cement,2019-03-31,10995.45,76105.59,75688.48,7559.44,17638.7,1948.38,448.0,1579.49,143939.97,33292.53,15633.22,17152.85,6.25
UltraTech Cement,2019-06-30,9890.86,76912.48,76628.76,6880.23,16053.86,2155.34,490.28,2091.46,161385.45,35716.13,14718.44,16530.05,5.15
UltraTech Cement,2019-09-30,10112.93,78427.55,78989.6,6955.19,16228.78,2203.73,507.19,2138.42,155184.18,37081.1,15171.9,17224.98,5.15
UltraTech Cement,2019-12-31,10984.55,79930.55,81343.91,7027.81,16398.22,2393.66,493.0,2322.73,147083.67,38454.27,15624.1,17923.58,5.15
UltraTech Cement,2020-03-31,11321.99,78070.95,76944.4,6806.05,15880.79,2467.2,495.87,2394.08,140090.77,38195.77,14779.07,16419.2,5.15
UltraTech Cement,2020-06-30,10314.3,80530.74,80109.2,6481.59,15123.72,2667.71,378.57,2882.63,166338.48,40382.06,15710.24,18755.45,4.0
UltraTech Cement,2020-09-30,10855.36,82498.73,82302.93,6500.24,15167.22,2807.65,371.81,3033.85,180575.6,41592.75,16140.45,19324.48,4.0
UltraTech Cement,2020-12-31,11744.46,83214.13,82010.43,6421.45,14983.38,3037.61,371.62,3282.34,183376.19,42169.9,16083.09,19022.41,4.0
UltraTech Cement,2021-03-31,11564.45,86738.37,87304.41,6558.22,15302.51,2991.05,365.16,3232.03,172825.5,44172.39,17121.29,20681.67,4.0
UltraTech Cement,2021-06-30,12036.18,86560.63,87547.65,3428.35,7999.49,2634.74,235.51,2124.22,181373.18,46914.89,17969.98,23324.24,4.0
UltraTech Cement,2021-09-30,13134.38,84718.02,84443.43,3378.71,7883.66,2875.13,237.66,2318.04,189375.09,47485.24,17332.81,22171.49,4.0
UltraTech Cement,2021-12-31,13605.64,84445.72,84489.2,3391.45,7913.37,2978.29,238.63,2401.21,185190.62,48918.5,17342.21,22267.11,4.0
UltraTech Cement,2022-03-31,13886.81,83593.97,83377.5,3380.92,7888.82,3039.84,240.93,2450.83,203488.56,50017.14,17114.02,21905.94,4.0
UltraTech Cement,2022-06-30,14409.94,84689.35,83687.45,3278.15,7649.03,2419.89,202.09,2066.47,210756.26,49391.98,18741.3,23527.76,6.5
UltraTech Cement,2022-09-30,15233.16,89049.59,90527.82,3372.47,7869.09,2558.13,201.64,2184.53,225282.87,52186.35,20273.16,26183.09,6.5
UltraTech Cement,2022-12-31,16841.83,88128.84,86790.56,3267.02,7623.06,2828.28,203.02,2415.22,198761.1,51885.05,19436.22,24317.32,6.5
UltraTech Cement,2023-03-31,16823.64,91126.09,90872.89,3308.18,7719.09,2825.22,209.28,2412.61,200521.84,53885.86,20350.44,25781.89,6.5
UltraTech Cement,2023-06-30,16320.97,93264.92,92797.94,3403.77,7942.13,2987.39,240.54,2508.4,243800.92,55165.97,21044.95,26717.91,6.5
UltraTech Cement,2023-09-30,17600.44,94303.52,92551.7,3357.35,7833.82,3221.58,238.23,2705.05,258073.86,55884.27,20989.11,26283.61,6.5
UltraTech Cement,2023-12-31,18314.86,97221.57,96015.54,3378.46,7883.08,3352.35,237.68,2814.85,221516.24,57715.57,21774.65,27438.76,6.5
UltraTech Cement,2024-03-31,18492.52,100156.92,99520.9,3399.18,7931.41,3384.87,244.93,2842.16,237022.32,59558.37,22569.6,28614.87,6.5
UltraTech Cement,2024-06-30,17653.7,110581.74,112180.51,7335.14,17115.32,2974.32,412.9,2480.65,283544.39,66072.75,23234.11,33062.07,6.25
UltraTech Cement,2024-09-30,18061.77,117030.4,116846.58,7219.24,16844.9,3043.07,417.34,2537.99,288807.45,66786.34,24200.51,33893.15,6.25
UltraTech Cement,2024-12-31,19918.13,126700.41,127990.57,7304.23,17043.2,3355.83,420.79,2798.84,257083.07,69350.76,26508.58,37562.68,6.25
UltraTech Cement,2025-03-31,19984.12,135543.1,137481.53,7334.01,17112.68,3366.95,420.88,2808.12,250601.44,71418.98,28474.29,40512.58,6.25
UltraTech Cement,2025-06-30,20609.84,132894.5,130273.73,6985.96,16300.57,3959.35,465.11,3566.3,295367.09,69211.96,24972.76,37032.5,6.0
UltraTech Cement,2025-09-30,21340.32,136609.29,135720.41,7080.13,16520.3,4099.68,473.97,3692.7,315721.14,72040.73,26016.85,39100.87,6.0
UltraTech Cement,2025-12-31,22538.2,137996.32,136567.59,7052.72,16456.34,4329.8,464.4,3899.98,287211.23,73650.27,26179.25,39192.61,6.0
UltraTech Cement,2026-03-31,22632.42,141690.14,142004.97,7142.33,16665.45,4347.9,462.14,3916.28,289985.33,76498.6,27221.57,41270.89,6.0
Wipro,2014-06-30,11876.82,54229.83,54487.12,2378.53,5549.91,2605.26,88.13,1983.22,74775.03,34013.76,38832.93,12541.3,7.75
Wipro,2014-09-30,11497.32,56256.99,57093.74,2402.51,5605.86,2522.01,88.83,1919.85,66455.82,35285.23,40690.66,13273.75,7.75
Wipro,2014-12-31,11967.21,56516.04,56143.3,2351.69,5487.27,2625.08,86.2,1998.32,74669.14,35447.71,40013.29,12776.66,7.75
Wipro,2015-03-31,11498.84,59125.2,59910.7,2398.75,5597.08,2522.34,88.61,1920.11,71954.9,37084.22,42698.31,13906.87,7.75
Wipro,2015-06-30,12431.58,61948.39,62238.13,3774.17,8806.4,2619.06,138.31,1913.35,86690.47,42424.67,28703.09,11288.28,6.75
Wipro,2015-09-30,12912.32,65318.25,65668.37,3776.74,8812.38,2720.35,138.16,1987.34,81008.28,43600.91,30285.05,11918.53,6.75
Wipro,2015-12-31,13026.11,68992.92,69713.28,3795.82,8856.92,2744.32,137.31,2004.86,81024.78,44974.46,32150.49,12716.6,6.75
Wipro,2016-03-31,13166.88,71969.78,72351.57,3776.53,8811.9,2773.98,138.62,2026.52,86057.37,45893.17,33367.22,13130.77,6.75
Wipro,2016-06-30,13531.4,73911.84,74467.31,4304.41,10043.62,2762.75,151.1,2263.94,83918.81,47701.02,26631.3,12169.76,6.25
Wipro,2016-09-30,13696.46,73830.78,72553.07,4198.36,9796.18,2796.45,149.74,2291.55,91337.77,47783.3,25946.72,11564.81,6.25
Wipro,2016-12-31,13733.82,75504.18,74132.24,4194.67,9787.57,2804.08,149.22,2297.8,95511.7,48997.62,26511.47,11806.14,6.25
Wipro,2017-03-31,14255.81,79457.62,80251.09,4314.96,10068.25,2910.66,151.29,2385.14,84816.72,51695.13,28699.72,13147.13,6.25
Wipro,2017-06-30,13832.83,76363.61,74903.91,4090.58,9544.7,2636.99,142.98,2138.38,98121.17,42663.93,29895.59,13217.79,6.0
Wipro,2017-09-30,13612.47,77596.28,78165.2,4200.88,9802.04,2594.98,147.33,2104.32,100096.85,44998.42,31197.24,14165.19,6.0
Wipro,2017-12-31,13436.73,75986.22,75761.85,4157.99,9701.97,2561.48,148.65,2077.15,100185.45,45711.08,30238.01,13589.47,6.0
Wipro,2018-03-31,13346.83,75975.08,76563.68,4202.61,9806.09,2544.34,147.47,2063.25,96459.75,47386.29,30558.04,13880.68,6.0
Wipro,2018-06-30,14385.04,77666.82,78146.83,3002.54,7005.93,2830.5,185.83,2835.13,108984.67,51390.47,37937.92,15440.14,6.25
Wipro,2018-09-30,15153.89,78774.71,78561.5,2976.02,6944.05,2981.79,181.92,2986.67,121114.08,52313.22,38139.23,15384.97,6.25
Wipro,2018-12-31,14683.69,80456.33,80126.76,2971.88,6934.38,2889.27,185.52,2893.99,109001.96,53615.08,38899.11,15669.64,6.25
Wipro,2019-03-31,15183.21,83887.88,85210.29,3031.14,7072.66,2987.56,183.83,2992.44,108201.11,56086.42,41367.01,16996.09,6.25
Wipro,2019-06-30,15021.4,82688.12,83189.76,2934.9,6848.09,3032.39,179.81,2472.69,123993.43,50419.61,38024.91,16484.71,5.15
Wipro,2019-09-30,15618.64,83324.8,84885.28,2971.83,6934.28,3152.95,183.05,2571.0,120284.88,52433.97,38799.91,17032.37,5.15
Wipro,2019-12-31,15622.55,82278.58,83170.23,2948.81,6880.56,3153.74,185.28,2571.65,133644.9,53396.98,38015.98,16558.98,5.15
Wipro,2020-03-31,15523.88,79805.23,78628.09,2874.17,6706.4,3133.82,184.18,2555.4,117184.31,53379.85,35939.83,15258.39,5.15
Wipro,2020-06-30,15874.73,82356.92,83333.8,3172.49,7402.48,3786.0,127.84,3781.89,141437.33,50359.97,39259.72,17579.14,4.0
Wipro,2020-09-30,15128.22,82390.04,83001.59,3158.57,7370.0,3607.96,125.34,3604.05,140274.86,51494.15,39103.21,17432.25,4.0
Wipro,2020-12-31,15205.53,80742.06,79334.6,3080.65,7188.18,3626.4,127.21,3622.47,143717.22,51545.41,37375.64,16251.02,4.0
Wipro,2021-03-31,15269.14,81939.69,81318.14,3111.52,7260.21,3641.57,128.76,3637.62,140840.34,53396.86,38310.11,16824.26,4.0
Wipro,2021-06-30,19246.98,88361.88,87981.9,5255.2,12262.14,4048.78,130.73,2688.83,158369.55,59228.18,34061.45,19827.49,4.0
Wipro,2021-09-30,19946.99,95661.32,96407.4,5319.06,12411.15,4196.03,131.89,2786.62,168034.09,61568.12,37323.31,21990.27,4.0
Wipro,2021-12-31,20160.93,101019.67,100940.9,5273.78,12305.5,4241.04,130.55,2816.51,148836.56,62650.44,39078.42,22828.35,4.0
Wipro,2022-03-31,19521.12,105741.93,104229.81,5202.43,12138.99,4106.44,135.59,2727.13,158851.26,63387.4,40351.69,23253.2,4.0
Wipro,2022-06-30,22782.38,109949.71,110212.04,5252.6,12256.07,4239.59,254.04,3288.15,163987.64,70996.24,36268.25,20587.22,6.5
Wipro,2022-09-30,22386.45,110251.99,108434.45,5153.72,12025.34,4165.92,252.18,3231.0,173692.23,71542.33,35683.28,19873.84,6.5
Wipro,2022-12-31,21988.41,114039.86,113569.66,5218.49,12176.49,4091.84,247.75,3173.55,167488.04,74347.94,37373.17,21076.65,6.5
Wipro,2023-03-31,22713.67,118329.83,119752.57,5303.1,12373.91,4226.81,253.91,3278.23,169407.98,77490.64,39407.82,22584.43,6.5
Wipro,2023-06-30,21992.3,116980.17,117618.56,4966.46,11588.4,4104.45,308.79,4317.61,205882.52,68347.36,37841.26,24363.24,6.5
Wipro,2023-09-30,21809.33,113691.83,111654.34,4850.98,11318.95,4070.3,319.22,4281.68,200615.32,68562.46,35922.4,22590.07,6.5
Wipro,2023-12-31,22721.48,116174.16,117169.01,4981.8,11624.2,4240.53,318.41,4460.76,208919.9,72264.38,37696.63,24345.11,6.5
Wipro,2024-03-31,22223.84,112684.1,110791.52,4856.54,11331.92,4147.66,317.7,4363.06,211888.29,72253.74,35644.81,22441.2,6.5
Wipro,2024-06-30,22335.6,117714.06,117489.55,5750.21,13417.16,4518.11,373.94,4247.85,228342.06,74108.14,35468.47,24164.59,6.25
Wipro,2024-09-30,22307.28,119239.59,117244.14,5664.79,13217.84,4512.39,372.67,4242.46,207512.57,74980.36,35394.39,23755.88,6.25
Wipro,2024-12-31,21934.05,126451.95,128332.46,5846.88,13642.71,4436.89,364.22,4171.48,213186.21,79427.13,38741.8,26838.42,6.25
Wipro,2025-03-31,22907.91,126302.35,124696.38,5687.94,13271.87,4633.88,366.84,4356.69,233560.66,79249.34,37644.12,25369.13,6.25
Wipro,2025-06-30,23376.5,131458.23,131749.35,6100.78,14235.15,4495.15,364.47,3768.55,258768.07,79652.93,39272.12,30529.42,6.0
Wipro,2025-09-30,22778.73,136959.11,139560.2,6202.91,14473.45,4380.2,371.74,3672.18,256013.03,83175.15,41600.4,32880.75,6.0
Wipro,2025-12-31,22738.56,135289.86,132974.77,5983.13,13960.65,4372.48,367.13,3665.7,231226.1,82339.45,39637.4,30219.18,6.0
Wipro,2026-03-31,22819.33,142959.35,145065.27,6176.97,14412.93,4388.01,363.96,3678.73,259086.76,87186.69,43241.36,34034.84,6.0
