Company,Quarter,X1,X2,X3,X4,X5,OCF_TA,Interest_Coverage,Debt_Assets,Repo_Rate,Leverage_Repo,Stress_Label
Alok Industries,2014-03-31,0.21002582782136214,0.430813241969635,0.024764126033598878,0.5128624048558503,0.4705831421602598,0.023099015042699157,0.3835268848223337,0.7557047307145492,5.0,0.3778523653572746,0