Company,Quarter,X1,X2,X3,X4,X5,OCF_TA,Interest_Coverage,Debt_Assets,Repo_Rate,Leverage_Repo,Stress_Label,predicted_probability,predicted_label
Alok Industries,2014-03-31,0.2100258278213621,0.430813241969635,0.0247641260335988,0.5128624048558503,0.4705831421602598,0.0230990150426991,0.3835268848223337,0.7557047307145492,5.0,0.3778523653572746,0,0.5059377,1
